{"stats":{"minecraft:broken":{"minecraft:stone_pickaxe":2,"vanillaplustools:stone_hammer":1,"minecraft:iron_axe":1,"minecraft:iron_pickaxe":1},"minecraft:dropped":{"minecraft:porkchop":2,"minecraft:wheat_seeds":10,"chococraft:gold_gysahl":1,"minecraft:cobblestone":457,"minecraft:granite":157,"minecraft:jungle_planks":10,"minecraft:stick":8,"minecraft:diorite":20,"minecraft:stone_button":2,"minecraft:gravel":169,"minecraft:stone_axe":2,"minecraft:cocoa_beans":18,"minecraft:cobbled_deepslate":839,"minecraft:raw_copper":10,"minecraft:tuff":170,"minecraft:wheat":1,"minecraft:beetroot":7,"minecraft:rotten_flesh":2,"minecraft:light_gray_wool":2,"minecraft:iron_boots":2,"minecraft:jungle_trapdoor":2,"minecraft:stone":8,"minecraft:iron_chestplate":2,"minecraft:andesite":21,"minecraft:wooden_pickaxe":2,"minecraft:egg":5},"minecraft:custom":{"minecraft:mob_kills":33,"minecraft:animals_bred":10,"minecraft:interact_with_crafting_table":39,"minecraft:leave_game":30,"minecraft:time_since_death":183222,"minecraft:climb_one_cm":27468,"minecraft:sprint_one_cm":213083,"minecraft:walk_one_cm":395116,"minecraft:damage_blocked_by_shield":25,"minecraft:drop":74,"minecraft:talked_to_villager":11,"minecraft:play_time":198218,"minecraft:deaths":1,"minecraft:sneak_time":7344,"minecraft:walk_under_water_one_cm":12617,"minecraft:jump":1978,"minecraft:walk_on_water_one_cm":16898,"minecraft:total_world_time":198218,"minecraft:interact_with_furnace":42,"minecraft:traded_with_villager":1,"minecraft:sleep_in_bed":2,"minecraft:time_since_rest":72003,"minecraft:damage_taken":601,"minecraft:damage_dealt":3880,"minecraft:swim_one_cm":9592,"minecraft:fly_one_cm":205426,"minecraft:open_chest":33,"minecraft:crouch_one_cm":13618,"minecraft:fall_one_cm":41161},"minecraft:used":{"gobber2:gobber2_goo":1,"minecraft:iron_shovel":120,"gobber2:gobber2_gooey_bread":1,"minecraft:chest":2,"minecraft:shield":1,"minecraft:iron_sword":148,"vanillaplustools:stone_hammer":133,"minecraft:torch":30,"minecraft:dirt":62,"securitycraft:keypad_item":1,"minecraft:carrot":19,"cfm:jungle_desk":2,"minecraft:tuff":13,"minecraft:jungle_trapdoor":2,"minecraft:granite":7,"minecraft:iron_axe":428,"gobber2:gobber2_gooey_beef":1,"minecraft:furnace":6,"minecraft:egg":5,"minecraft:cobbled_deepslate":94,"minecraft:water_bucket":2,"minecraft:diorite":6,"minecraft:stone_pickaxe":271,"minecraft:wooden_pickaxe":25,"minecraft:sugar_cane":50,"minecraft:fletching_table":1,"minecraft:crafting_table":6,"minecraft:white_bed":2,"cfm:jungle_blinds":2,"minecraft:diamond_pickaxe":339,"gobber2:gobber2_gooey_beefstew":1,"chococraft:gysahl_green_seeds":1,"minecraft:melon_slice":25,"minecraft:iron_pickaxe":250,"minecraft:stone_axe":129,"minecraft:cobblestone":205,"vanillaplustools:iron_hammer":168,"minecraft:andesite":80,"minecraft:bucket":3},"minecraft:killed":{"minecraft:horse":3,"minecraft:pig":14,"minecraft:salmon":1,"minecraft:sheep":9,"minecraft:zombie":3,"minecraft:cow":3},"minecraft:killed_by":{"minecraft:skeleton":1},"minecraft:crafted":{"minecraft:smooth_stone":8,"vanillaplustools:stone_hammer":1,"minecraft:furnace":4,"minecraft:stone_button":9,"minecraft:blast_furnace":1,"minecraft:jungle_trapdoor":4,"minecraft:stone":32,"securitycraft:keypad_item":1,"minecraft:heavy_weighted_pressure_plate":1,"minecraft:cooked_mutton":6,"vanillaplustools:iron_hammer":1,"minecraft:iron_boots":2,"cfm:jungle_blinds":2,"minecraft:iron_axe":2,"minecraft:ladder":45,"minecraft:stone_pickaxe":11,"minecraft:chest":2,"minecraft:wheat":27,"minecraft:cooked_beef":8,"minecraft:emerald":1,"minecraft:cooked_porkchop":17,"minecraft:crafting_table":3,"minecraft:wooden_pickaxe":1,"minecraft:iron_helmet":1,"minecraft:iron_sword":1,"minecraft:fletching_table":1,"minecraft:bucket":1,"minecraft:stone_axe":1,"minecraft:air":0,"minecraft:jungle_planks":172,"minecraft:iron_chestplate":2,"minecraft:diamond_pickaxe":1,"minecraft:shield":1,"minecraft:stick":204,"minecraft:iron_ingot":95,"minecraft:iron_pickaxe":10,"cfm:jungle_desk":2,"minecraft:iron_shovel":1,"minecraft:iron_leggings":1,"minecraft:white_bed":3,"minecraft:torch":12},"minecraft:mined":{"minecraft:tuff":228,"minecraft:white_bed":2,"minecraft:mossy_cobblestone":14,"minecraft:deepslate_diamond_ore":73,"minecraft:cobblestone_stairs":2,"minecraft:jungle_leaves":19,"minecraft:granite":167,"minecraft:grass_block":4,"gobber2:gobber2_lucky_block":8,"minecraft:jungle_log":389,"minecraft:redstone_wire":2,"minecraft:hay_block":3,"minecraft:tall_seagrass":1,"minecraft:carrots":6,"minecraft:furnace":3,"minecraft:iron_ore":107,"minecraft:cobbled_deepslate":7,"minecraft:andesite":91,"chococraft:gysahl_green":13,"minecraft:deepslate_iron_ore":5,"minecraft:vine":82,"minecraft:bamboo":4,"minecraft:stone":1239,"minecraft:jungle_trapdoor":1,"minecraft:podzol":1,"minecraft:deepslate_redstone_ore":14,"minecraft:crafting_table":3,"minecraft:torch":18,"minecraft:blast_furnace":1,"minecraft:melon":20,"minecraft:copper_ore":10,"minecraft:cobblestone":99,"minecraft:lapis_ore":7,"minecraft:deepslate_gold_ore":6,"minecraft:sugar_cane":37,"minecraft:diorite":46,"minecraft:wall_torch":1,"minecraft:deepslate_copper_ore":2,"minecraft:wheat":1,"gobber2:gobber2_lucky_block_deepslate":3,"minecraft:grass":46,"minecraft:coal_ore":38,"minecraft:beetroots":7,"minecraft:cocoa":1,"minecraft:gravel":174,"minecraft:dripstone_block":1,"minecraft:dirt":24,"minecraft:oak_leaves":22,"minecraft:deepslate":1152,"minecraft:fern":16},"minecraft:picked_up":{"minecraft:crafting_table":3,"minecraft:cocoa_beans":18,"minecraft:iron_chestplate":1,"chococraft:loverly_gysahl_green":1,"minecraft:wheat":1,"minecraft:wooden_pickaxe":1,"minecraft:jungle_trapdoor":2,"minecraft:raw_copper":37,"minecraft:beetroot":7,"minecraft:cobbled_deepslate":1417,"minecraft:beef":8,"minecraft:jungle_sapling":6,"minecraft:light_gray_wool":1,"minecraft:melon_slice":88,"minecraft:sugar_cane":50,"minecraft:furnace":3,"minecraft:iron_boots":1,"minecraft:egg":5,"minecraft:stick":5,"minecraft:raw_iron":112,"minecraft:stone":8,"minecraft:torch":22,"minecraft:porkchop":24,"minecraft:stone_button":1,"minecraft:diorite":56,"minecraft:carrot":19,"minecraft:redstone":59,"gobber2:gobber2_foo":1,"minecraft:rotten_flesh":4,"minecraft:beetroot_seeds":17,"minecraft:hay_block":3,"minecraft:mutton":13,"minecraft:cobblestone":1431,"minecraft:white_wool":9,"minecraft:andesite":101,"minecraft:jungle_log":382,"gobber2:gobber2_gooey_beefstew":2,"minecraft:leather":7,"minecraft:flint":12,"minecraft:tuff":177,"minecraft:lapis_lazuli":27,"minecraft:dirt":14,"chococraft:chocobo_feather":1,"chococraft:gysahl_green":29,"chococraft:gold_gysahl":2,"gobber2:gobber2_gooey_beef":1,"minecraft:wheat_seeds":15,"minecraft:raw_gold":6,"minecraft:bamboo":22,"gobber2:gobber2_gooey_bread":3,"minecraft:gravel":254,"minecraft:jungle_planks":6,"chococraft:gysahl_green_seeds":12,"minecraft:blast_furnace":1,"minecraft:white_bed":2,"minecraft:mossy_cobblestone":14,"minecraft:diamond":72,"minecraft:stone_axe":1,"minecraft:granite":249,"gobber2:gobber2_goo":4,"minecraft:coal":53}},"DataVersion":3465}