{"stats":{"minecraft:custom":{"minecraft:jump":159,"minecraft:time_since_rest":12137,"minecraft:damage_taken":95,"minecraft:leave_game":2,"minecraft:play_time":12137,"minecraft:sprint_one_cm":23746,"minecraft:time_since_death":12137,"minecraft:walk_on_water_one_cm":1852,"minecraft:walk_one_cm":27658,"minecraft:walk_under_water_one_cm":652,"minecraft:total_world_time":12137,"minecraft:climb_one_cm":2707,"minecraft:swim_one_cm":3107,"minecraft:fly_one_cm":21007,"minecraft:fall_one_cm":4083},"minecraft:picked_up":{"minecraft:jungle_log":9,"minecraft:melon_slice":16},"minecraft:mined":{"minecraft:grass":1,"minecraft:melon":3,"minecraft:vine":3,"minecraft:jungle_log":9,"minecraft:oak_leaves":4,"minecraft:fern":1}},"DataVersion":3465}