{"stats":{"minecraft:broken":{"minecraft:stone_pickaxe":1},"minecraft:used":{"minecraft:stone_pickaxe":222,"minecraft:wooden_pickaxe":25,"vanillaplustools:stone_hammer":48,"minecraft:stone_axe":2,"minecraft:cobblestone":5,"minecraft:dirt":10,"minecraft:crafting_table":3,"minecraft:furnace":3},"minecraft:custom":{"minecraft:time_since_rest":26828,"minecraft:interact_with_furnace":5,"minecraft:sprint_one_cm":26081,"minecraft:damage_taken":340,"minecraft:walk_one_cm":65788,"minecraft:swim_one_cm":3107,"minecraft:interact_with_crafting_table":10,"minecraft:fly_one_cm":22954,"minecraft:play_time":39478,"minecraft:deaths":1,"minecraft:sneak_time":42,"minecraft:walk_under_water_one_cm":652,"minecraft:jump":238,"minecraft:leave_game":10,"minecraft:time_since_death":24482,"minecraft:walk_on_water_one_cm":1852,"minecraft:total_world_time":39478,"minecraft:climb_one_cm":6117,"minecraft:fall_one_cm":5701},"minecraft:killed_by":{"minecraft:skeleton":1},"minecraft:crafted":{"vanillaplustools:stone_hammer":1,"minecraft:crafting_table":1,"minecraft:stick":28,"minecraft:wooden_pickaxe":1,"minecraft:stone_pickaxe":11,"minecraft:furnace":3,"minecraft:stone_axe":1,"minecraft:jungle_planks":24},"minecraft:mined":{"minecraft:iron_ore":95,"minecraft:andesite":74,"minecraft:crafting_table":2,"minecraft:granite":12,"minecraft:grass":2,"minecraft:grass_block":1,"minecraft:coal_ore":35,"minecraft:melon":3,"minecraft:vine":6,"minecraft:jungle_log":15,"minecraft:gravel":5,"minecraft:dirt":9,"minecraft:copper_ore":1,"minecraft:stone":424,"minecraft:oak_leaves":4,"minecraft:fern":1},"minecraft:picked_up":{"minecraft:raw_iron":95,"minecraft:crafting_table":2,"minecraft:andesite":74,"minecraft:jungle_log":15,"minecraft:gravel":5,"minecraft:dirt":10,"minecraft:raw_copper":3,"minecraft:granite":12,"minecraft:melon_slice":16,"minecraft:coal":35,"minecraft:cobblestone":408}},"DataVersion":3465}