{"stats":{"minecraft:used":{"minecraft:stone_pickaxe":17,"minecraft:wooden_pickaxe":25,"vanillaplustools:stone_hammer":7,"minecraft:stone_axe":1,"minecraft:dirt":1,"minecraft:crafting_table":1},"minecraft:custom":{"minecraft:time_since_rest":14828,"minecraft:sprint_one_cm":25634,"minecraft:damage_taken":240,"minecraft:walk_one_cm":43641,"minecraft:swim_one_cm":3107,"minecraft:interact_with_crafting_table":8,"minecraft:fly_one_cm":22926,"minecraft:play_time":27478,"minecraft:deaths":1,"minecraft:sneak_time":42,"minecraft:walk_under_water_one_cm":652,"minecraft:jump":214,"minecraft:leave_game":10,"minecraft:time_since_death":12482,"minecraft:walk_on_water_one_cm":1852,"minecraft:total_world_time":27478,"minecraft:climb_one_cm":6117,"minecraft:fall_one_cm":4501},"minecraft:killed_by":{"minecraft:skeleton":1},"minecraft:crafted":{"vanillaplustools:stone_hammer":1,"minecraft:crafting_table":1,"minecraft:stick":24,"minecraft:wooden_pickaxe":1,"minecraft:stone_pickaxe":10,"minecraft:stone_axe":1,"minecraft:jungle_planks":24},"minecraft:mined":{"minecraft:iron_ore":2,"minecraft:crafting_table":1,"minecraft:grass":2,"minecraft:grass_block":1,"minecraft:melon":3,"minecraft:vine":6,"minecraft:jungle_log":15,"minecraft:dirt":5,"minecraft:stone":103,"minecraft:oak_leaves":4,"minecraft:fern":1},"minecraft:picked_up":{"minecraft:raw_iron":2,"minecraft:crafting_table":1,"minecraft:jungle_log":15,"minecraft:dirt":6,"minecraft:melon_slice":16,"minecraft:cobblestone":102}},"DataVersion":3465}