{"stats":{"minecraft:broken":{"minecraft:stone_pickaxe":2},"minecraft:used":{"minecraft:stone_pickaxe":271,"minecraft:iron_pickaxe":62,"minecraft:wooden_pickaxe":25,"vanillaplustools:stone_hammer":60,"minecraft:stone_axe":3,"minecraft:cobblestone":14,"minecraft:dirt":10,"minecraft:crafting_table":3,"minecraft:furnace":3},"minecraft:custom":{"minecraft:time_since_rest":38828,"minecraft:interact_with_furnace":21,"minecraft:sprint_one_cm":26081,"minecraft:damage_taken":340,"minecraft:walk_one_cm":79746,"minecraft:swim_one_cm":3107,"minecraft:interact_with_crafting_table":12,"minecraft:fly_one_cm":22954,"minecraft:crouch_one_cm":680,"minecraft:play_time":51478,"minecraft:deaths":1,"minecraft:sneak_time":581,"minecraft:walk_under_water_one_cm":652,"minecraft:jump":244,"minecraft:leave_game":10,"minecraft:time_since_death":36482,"minecraft:walk_on_water_one_cm":1852,"minecraft:total_world_time":51478,"minecraft:climb_one_cm":6117,"minecraft:fall_one_cm":6508},"minecraft:killed_by":{"minecraft:skeleton":1},"minecraft:crafted":{"minecraft:iron_boots":1,"minecraft:iron_chestplate":1,"vanillaplustools:stone_hammer":1,"minecraft:crafting_table":1,"minecraft:stick":32,"minecraft:iron_pickaxe":1,"minecraft:iron_helmet":1,"minecraft:iron_ingot":95,"minecraft:wooden_pickaxe":1,"minecraft:stone_pickaxe":11,"minecraft:iron_sword":1,"minecraft:iron_leggings":1,"minecraft:furnace":3,"minecraft:stone_axe":1,"minecraft:air":0,"minecraft:jungle_planks":24},"minecraft:mined":{"minecraft:tuff":14,"minecraft:furnace":3,"minecraft:deepslate_diamond_ore":8,"minecraft:iron_ore":95,"minecraft:andesite":74,"minecraft:crafting_table":3,"minecraft:granite":18,"minecraft:grass":2,"minecraft:grass_block":1,"minecraft:coal_ore":35,"minecraft:melon":3,"minecraft:vine":6,"minecraft:jungle_log":15,"minecraft:gravel":7,"minecraft:dirt":9,"minecraft:copper_ore":1,"minecraft:stone":429,"minecraft:deepslate_copper_ore":2,"minecraft:diorite":7,"minecraft:oak_leaves":4,"minecraft:deepslate":164,"minecraft:fern":1},"minecraft:picked_up":{"minecraft:raw_iron":95,"minecraft:crafting_table":3,"minecraft:andesite":74,"minecraft:jungle_log":15,"minecraft:gravel":7,"minecraft:tuff":14,"minecraft:diorite":7,"minecraft:dirt":10,"minecraft:raw_copper":10,"minecraft:diamond":7,"minecraft:cobbled_deepslate":161,"minecraft:granite":18,"minecraft:melon_slice":16,"minecraft:coal":50,"minecraft:cobblestone":413,"minecraft:furnace":3}},"DataVersion":3465}