{"stats":{"minecraft:broken":{"minecraft:stone_pickaxe":2,"vanillaplustools:stone_hammer":1,"minecraft:iron_axe":2,"minecraft:iron_sword":1,"minecraft:iron_pickaxe":1},"minecraft:dropped":{"minecraft:bread":54,"minecraft:porkchop":2,"minecraft:wheat_seeds":12,"minecraft:baked_potato":7,"chococraft:gold_gysahl":1,"minecraft:diamond":2,"minecraft:oak_fence":1,"minecraft:cobblestone":465,"minecraft:granite":157,"minecraft:jungle_planks":10,"minecraft:coal":3,"minecraft:stick":12,"minecraft:polished_andesite":1,"minecraft:diorite":20,"minecraft:stone_button":2,"minecraft:melon_slice":57,"minecraft:brown_wool":3,"twilightforest:twilight_oak_planks":2,"twilightforest:mushgloom":2,"minecraft:dandelion":5,"minecraft:green_wool":1,"minecraft:gravel":169,"minecraft:stone_axe":2,"minecraft:cocoa_beans":18,"minecraft:cobbled_deepslate":839,"minecraft:raw_copper":10,"minecraft:tuff":170,"minecraft:wheat":1,"minecraft:blue_wool":1,"minecraft:beetroot":14,"minecraft:rotten_flesh":2,"minecraft:light_gray_wool":3,"minecraft:iron_boots":2,"minecraft:jungle_trapdoor":2,"minecraft:carrot":3,"minecraft:poppy":1,"minecraft:cobblestone_slab":1,"minecraft:potato":1,"minecraft:stone":8,"minecraft:iron_chestplate":2,"minecraft:beetroot_seeds":17,"minecraft:andesite":21,"minecraft:wooden_pickaxe":2,"minecraft:egg":5},"minecraft:custom":{"minecraft:mob_kills":121,"minecraft:animals_bred":12,"minecraft:interact_with_crafting_table":44,"minecraft:leave_game":32,"minecraft:time_since_death":280829,"minecraft:climb_one_cm":39260,"minecraft:sprint_one_cm":424721,"minecraft:walk_one_cm":634592,"minecraft:damage_blocked_by_shield":255,"minecraft:drop":108,"minecraft:talked_to_villager":25,"minecraft:play_time":295825,"minecraft:sneak_time":8430,"minecraft:deaths":1,"minecraft:walk_under_water_one_cm":19265,"minecraft:jump":4040,"minecraft:walk_on_water_one_cm":22384,"minecraft:total_world_time":295825,"minecraft:interact_with_furnace":42,"minecraft:traded_with_villager":41,"minecraft:sleep_in_bed":5,"minecraft:time_since_rest":18219,"minecraft:damage_taken":1908,"minecraft:trigger_trapped_chest":1,"minecraft:damage_dealt":14854,"minecraft:swim_one_cm":12101,"minecraft:fly_one_cm":1908313,"minecraft:open_chest":47,"minecraft:crouch_one_cm":17668,"minecraft:fall_one_cm":85704},"minecraft:used":{"gobber2:gobber2_goo":1,"minecraft:iron_shovel":120,"minecraft:poppy":6,"gobber2:gobber2_gooey_bread":1,"minecraft:chest":2,"minecraft:shield":8,"minecraft:iron_sword":440,"vanillaplustools:stone_hammer":133,"minecraft:torch":35,"minecraft:dirt":131,"securitycraft:keypad_item":1,"minecraft:jungle_planks":4,"minecraft:carrot":19,"cfm:jungle_desk":2,"minecraft:tuff":13,"minecraft:jungle_trapdoor":5,"minecraft:granite":16,"minecraft:milk_bucket":1,"minecraft:iron_axe":499,"minecraft:jungle_log":2,"twilightforest:twilight_oak_planks":69,"gobber2:gobber2_gooey_beef":1,"minecraft:written_book":1,"minecraft:furnace":6,"minecraft:egg":5,"minecraft:cobbled_deepslate":94,"minecraft:water_bucket":10,"minecraft:diorite":6,"minecraft:stone_pickaxe":271,"minecraft:composter":1,"minecraft:wooden_pickaxe":25,"minecraft:sugar_cane":63,"minecraft:fletching_table":1,"minecraft:mossy_cobblestone":2,"minecraft:crafting_table":7,"minecraft:blast_furnace":1,"minecraft:white_bed":5,"cfm:jungle_blinds":2,"minecraft:diamond_pickaxe":415,"gobber2:gobber2_gooey_beefstew":1,"chococraft:gysahl_green_seeds":1,"minecraft:melon_slice":43,"minecraft:iron_pickaxe":250,"minecraft:lectern":5,"twilightforest:mushgloom":2,"minecraft:stone_axe":129,"minecraft:cobblestone":292,"vanillaplustools:iron_hammer":196,"minecraft:cooked_porkchop":15,"minecraft:smithing_table":1,"minecraft:andesite":80,"minecraft:bucket":10,"minecraft:mossy_cobblestone_wall":2,"minecraft:gray_wool":2,"minecraft:dandelion":9,"twilightforest:canopy_planks":4},"minecraft:killed":{"twilightforest:boar":11,"twilightforest:deer":2,"minecraft:witch":1,"minecraft:spider":2,"minecraft:horse":8,"twilightforest:tiny_bird":1,"minecraft:pig":48,"minecraft:salmon":1,"twilightforest:kobold":3,"twilightforest:raven":2,"twilightforest:skeleton_druid":4,"minecraft:sheep":14,"minecraft:zombie":7,"minecraft:cow":4,"twilightforest:bighorn_sheep":13},"minecraft:killed_by":{"minecraft:skeleton":1},"minecraft:crafted":{"minecraft:smooth_stone":8,"vanillaplustools:stone_hammer":1,"minecraft:furnace":4,"minecraft:stone_button":9,"minecraft:blast_furnace":1,"minecraft:jungle_trapdoor":6,"minecraft:stone":32,"securitycraft:keypad_item":1,"minecraft:bookshelf":2,"minecraft:heavy_weighted_pressure_plate":1,"minecraft:cooked_mutton":6,"vanillaplustools:iron_hammer":1,"minecraft:iron_boots":2,"cfm:jungle_blinds":2,"twilightforest:twilight_oak_planks":84,"minecraft:iron_axe":2,"minecraft:ladder":45,"minecraft:stone_pickaxe":11,"minecraft:chest":2,"twilightforest:canopy_planks":4,"minecraft:wheat":27,"minecraft:cooked_beef":8,"minecraft:emerald":33,"minecraft:cooked_porkchop":17,"minecraft:crafting_table":4,"minecraft:smithing_table":1,"minecraft:wooden_pickaxe":1,"minecraft:iron_helmet":1,"minecraft:iron_sword":2,"twilightforest:twilight_oak_slab":6,"minecraft:fletching_table":1,"minecraft:bucket":1,"minecraft:stone_axe":1,"minecraft:bread":48,"minecraft:air":0,"minecraft:jungle_planks":700,"minecraft:lectern":1,"minecraft:book":7,"minecraft:paper":42,"minecraft:iron_chestplate":2,"minecraft:diamond_pickaxe":1,"minecraft:shield":1,"minecraft:stick":1236,"minecraft:iron_ingot":95,"minecraft:iron_pickaxe":10,"cfm:jungle_desk":2,"minecraft:iron_shovel":1,"minecraft:iron_leggings":1,"minecraft:white_bed":3,"minecraft:torch":32},"minecraft:picked_up":{"minecraft:iron_chestplate":1,"minecraft:cocoa_beans":18,"minecraft:crafting_table":3,"chococraft:loverly_gysahl_green":1,"minecraft:wheat":2,"minecraft:smithing_table":1,"minecraft:wooden_pickaxe":1,"minecraft:pink_wool":1,"minecraft:jungle_trapdoor":2,"minecraft:string":2,"minecraft:raw_copper":37,"minecraft:beetroot":14,"minecraft:gold_nugget":1,"minecraft:cobbled_deepslate":1417,"minecraft:mossy_cobblestone_wall":4,"minecraft:beef":9,"minecraft:lectern":5,"minecraft:cobblestone_slab":2,"minecraft:written_book":2,"minecraft:jungle_sapling":6,"minecraft:poppy":7,"minecraft:light_gray_wool":2,"minecraft:melon_slice":145,"minecraft:sugar_cane":137,"minecraft:furnace":3,"minecraft:iron_boots":1,"minecraft:egg":6,"minecraft:blue_wool":1,"minecraft:lime_wool":1,"minecraft:stick":9,"minecraft:raw_iron":112,"minecraft:stone":8,"minecraft:composter":1,"minecraft:oak_fence":2,"minecraft:torch":23,"minecraft:porkchop":114,"minecraft:stone_button":1,"minecraft:diorite":56,"minecraft:carrot":19,"minecraft:redstone":59,"gobber2:gobber2_foo":1,"minecraft:rotten_flesh":8,"minecraft:beetroot_seeds":17,"minecraft:golden_hoe":1,"minecraft:hay_block":3,"minecraft:green_wool":1,"minecraft:obsidian":17,"minecraft:mutton":39,"minecraft:white_wool":12,"minecraft:cobblestone":1544,"minecraft:jungle_boat":1,"minecraft:feather":2,"twilightforest:twilight_oak_log":20,"minecraft:andesite":101,"minecraft:jungle_log":383,"minecraft:brown_wool":3,"twilightforest:twilight_oak_wood":1,"gobber2:gobber2_gooey_beefstew":2,"minecraft:leather":15,"minecraft:flint":12,"minecraft:tuff":177,"minecraft:lapis_lazuli":27,"minecraft:dirt":35,"twilightforest:twilight_oak_planks":6,"chococraft:chocobo_feather":1,"twilightforest:raw_venison":2,"minecraft:bone":2,"chococraft:gysahl_green":29,"chococraft:gold_gysahl":2,"gobber2:gobber2_gooey_beef":1,"minecraft:wheat_seeds":32,"minecraft:raw_gold":6,"minecraft:bamboo":22,"gobber2:gobber2_gooey_bread":3,"twilightforest:mushgloom":5,"minecraft:dandelion":14,"minecraft:gravel":254,"minecraft:jungle_planks":9,"twilightforest:canopy_log":1,"chococraft:gysahl_green_seeds":12,"minecraft:blast_furnace":2,"minecraft:white_bed":2,"minecraft:spider_eye":2,"minecraft:mossy_cobblestone":16,"minecraft:polished_andesite":1,"minecraft:sugar":2,"minecraft:diamond":73,"minecraft:stone_axe":1,"twilightforest:raven_feather":3,"minecraft:granite":264,"minecraft:gray_wool":2,"twilightforest:torchberries":6,"minecraft:coal":81,"gobber2:gobber2_goo":4},"minecraft:mined":{"twilightforest:firefly":1,"minecraft:tuff":228,"minecraft:white_bed":2,"minecraft:mossy_cobblestone":16,"minecraft:deepslate_diamond_ore":73,"minecraft:cobblestone_stairs":5,"minecraft:jungle_leaves":19,"minecraft:obsidian":20,"minecraft:granite":183,"minecraft:grass_block":5,"gobber2:gobber2_lucky_block":8,"minecraft:jungle_log":390,"minecraft:redstone_wire":2,"minecraft:composter":1,"minecraft:spawner":1,"minecraft:hay_block":3,"twilightforest:mushgloom":3,"minecraft:tall_seagrass":1,"minecraft:redstone_ore":1,"minecraft:carrots":6,"minecraft:furnace":3,"minecraft:mossy_cobblestone_stairs":3,"minecraft:iron_ore":107,"minecraft:cobbled_deepslate":7,"minecraft:andesite":91,"twilightforest:twilight_oak_wood":1,"chococraft:gysahl_green":13,"twilightforest:firefly_jar":1,"minecraft:dirt_path":5,"minecraft:vine":82,"minecraft:cobblestone_slab":2,"minecraft:deepslate_iron_ore":5,"minecraft:bamboo":4,"minecraft:stone":1345,"minecraft:smithing_table":1,"minecraft:jungle_trapdoor":1,"minecraft:podzol":1,"minecraft:deepslate_redstone_ore":14,"twilightforest:root_strand":1,"minecraft:dandelion":13,"minecraft:oak_fence":1,"minecraft:cornflower":1,"minecraft:crafting_table":3,"minecraft:torch":18,"minecraft:blast_furnace":2,"minecraft:mossy_cobblestone_wall":4,"minecraft:poppy":7,"minecraft:melon":20,"twilightforest:twilight_oak_log":20,"minecraft:lectern":5,"minecraft:mushroom_stem":1,"minecraft:copper_ore":10,"minecraft:tall_grass":6,"minecraft:cobblestone":113,"minecraft:deepslate_gold_ore":6,"minecraft:lapis_ore":7,"minecraft:sugar_cane":120,"twilightforest:mayapple":3,"minecraft:diorite":46,"minecraft:wall_torch":2,"minecraft:deepslate_copper_ore":2,"minecraft:cobblestone_wall":1,"minecraft:wheat":1,"gobber2:gobber2_lucky_block_deepslate":3,"twilightforest:twilight_oak_planks":4,"minecraft:grass":174,"minecraft:coal_ore":66,"minecraft:cocoa":1,"minecraft:beetroots":7,"twilightforest:moss_patch":2,"minecraft:gravel":174,"minecraft:dirt":42,"minecraft:dripstone_block":1,"minecraft:polished_andesite":1,"twilightforest:canopy_log":1,"minecraft:mossy_stone_bricks":2,"minecraft:deepslate":1152,"minecraft:oak_leaves":22,"minecraft:fern":16}},"DataVersion":3465}