{"stats":{"minecraft:broken":{"minecraft:stone_pickaxe":2,"minecraft:iron_pickaxe":1},"minecraft:dropped":{"minecraft:raw_copper":10,"minecraft:granite":18},"minecraft:used":{"minecraft:stone_pickaxe":271,"minecraft:iron_pickaxe":250,"minecraft:wooden_pickaxe":25,"vanillaplustools:stone_hammer":114,"minecraft:stone_axe":3,"minecraft:cobblestone":14,"minecraft:dirt":10,"minecraft:crafting_table":4,"minecraft:furnace":3},"minecraft:custom":{"minecraft:time_since_rest":50828,"minecraft:interact_with_furnace":21,"minecraft:sprint_one_cm":26133,"minecraft:damage_taken":340,"minecraft:walk_one_cm":105276,"minecraft:drop":2,"minecraft:swim_one_cm":3107,"minecraft:interact_with_crafting_table":13,"minecraft:fly_one_cm":22954,"minecraft:crouch_one_cm":1891,"minecraft:play_time":63478,"minecraft:deaths":1,"minecraft:sneak_time":1951,"minecraft:walk_under_water_one_cm":652,"minecraft:jump":263,"minecraft:leave_game":10,"minecraft:time_since_death":48482,"minecraft:walk_on_water_one_cm":1852,"minecraft:total_world_time":63478,"minecraft:climb_one_cm":6117,"minecraft:fall_one_cm":7584},"minecraft:killed_by":{"minecraft:skeleton":1},"minecraft:crafted":{"minecraft:iron_boots":1,"minecraft:iron_chestplate":1,"vanillaplustools:stone_hammer":1,"minecraft:crafting_table":1,"minecraft:stick":32,"minecraft:iron_pickaxe":1,"minecraft:iron_helmet":1,"minecraft:iron_ingot":95,"minecraft:wooden_pickaxe":1,"minecraft:stone_pickaxe":11,"minecraft:iron_sword":1,"minecraft:iron_leggings":1,"minecraft:furnace":3,"minecraft:stone_axe":1,"minecraft:air":0,"minecraft:jungle_planks":24},"minecraft:picked_up":{"minecraft:raw_iron":97,"minecraft:crafting_table":3,"minecraft:andesite":74,"minecraft:jungle_log":15,"minecraft:gravel":7,"minecraft:tuff":98,"minecraft:diorite":7,"minecraft:redstone":28,"minecraft:dirt":10,"minecraft:raw_copper":10,"minecraft:diamond":63,"minecraft:cobbled_deepslate":618,"minecraft:granite":36,"minecraft:melon_slice":16,"minecraft:coal":50,"minecraft:cobblestone":413,"minecraft:furnace":3},"minecraft:mined":{"minecraft:deepslate_redstone_ore":6,"minecraft:tuff":115,"minecraft:furnace":3,"minecraft:deepslate_diamond_ore":64,"minecraft:iron_ore":95,"minecraft:andesite":74,"minecraft:crafting_table":3,"minecraft:granite":18,"minecraft:deepslate_iron_ore":2,"minecraft:grass":2,"minecraft:grass_block":1,"minecraft:coal_ore":35,"minecraft:melon":3,"minecraft:vine":6,"minecraft:jungle_log":15,"minecraft:gravel":7,"minecraft:dirt":9,"minecraft:copper_ore":1,"minecraft:stone":429,"minecraft:deepslate_copper_ore":2,"minecraft:diorite":7,"minecraft:oak_leaves":4,"minecraft:deepslate":671,"minecraft:fern":1}},"DataVersion":3465}