{"stats":{"minecraft:custom":{"minecraft:time_since_rest":2792,"minecraft:sprint_one_cm":23746,"minecraft:play_time":15442,"minecraft:deaths":1,"minecraft:damage_taken":240,"minecraft:walk_one_cm":27800,"minecraft:walk_under_water_one_cm":652,"minecraft:jump":159,"minecraft:leave_game":7,"minecraft:walk_on_water_one_cm":1852,"minecraft:time_since_death":446,"minecraft:climb_one_cm":2707,"minecraft:total_world_time":15442,"minecraft:swim_one_cm":3107,"minecraft:fall_one_cm":4083,"minecraft:fly_one_cm":21617},"minecraft:killed_by":{"minecraft:skeleton":1},"minecraft:picked_up":{"minecraft:jungle_log":9,"minecraft:melon_slice":16},"minecraft:mined":{"minecraft:grass":1,"minecraft:melon":3,"minecraft:vine":3,"minecraft:jungle_log":9,"minecraft:oak_leaves":4,"minecraft:fern":1}},"DataVersion":3465}