{"stats":{"minecraft:broken":{"minecraft:stone_pickaxe":2,"minecraft:iron_pickaxe":1},"minecraft:dropped":{"minecraft:gravel":14,"minecraft:raw_copper":10,"minecraft:cobbled_deepslate":384,"chococraft:gold_gysahl":1,"minecraft:tuff":104,"minecraft:cobblestone":329,"minecraft:iron_boots":2,"minecraft:granite":29,"minecraft:jungle_planks":1,"minecraft:diorite":20,"minecraft:iron_chestplate":2,"minecraft:andesite":10},"minecraft:used":{"minecraft:stone_pickaxe":271,"minecraft:wooden_pickaxe":25,"minecraft:iron_sword":80,"vanillaplustools:stone_hammer":120,"minecraft:torch":18,"minecraft:dirt":10,"minecraft:crafting_table":4,"minecraft:tuff":10,"minecraft:granite":7,"minecraft:diamond_pickaxe":204,"chococraft:gysahl_green_seeds":1,"minecraft:melon_slice":20,"minecraft:iron_pickaxe":250,"minecraft:stone_axe":129,"minecraft:cobblestone":14,"minecraft:furnace":6,"minecraft:andesite":80,"minecraft:cobbled_deepslate":25},"minecraft:custom":{"minecraft:interact_with_furnace":26,"minecraft:mob_kills":23,"minecraft:interact_with_crafting_table":14,"minecraft:leave_game":20,"minecraft:time_since_death":96786,"minecraft:climb_one_cm":12013,"minecraft:time_since_rest":99132,"minecraft:sprint_one_cm":88641,"minecraft:damage_taken":424,"minecraft:walk_one_cm":197296,"minecraft:drop":28,"minecraft:damage_dealt":2668,"minecraft:swim_one_cm":4032,"minecraft:fly_one_cm":95203,"minecraft:open_chest":5,"minecraft:crouch_one_cm":3322,"minecraft:play_time":111782,"minecraft:deaths":1,"minecraft:sneak_time":2775,"minecraft:walk_under_water_one_cm":2997,"minecraft:jump":1051,"minecraft:walk_on_water_one_cm":5091,"minecraft:total_world_time":111782,"minecraft:fall_one_cm":21012},"minecraft:killed":{"minecraft:pig":13,"minecraft:sheep":4,"minecraft:horse":3,"minecraft:cow":3},"minecraft:killed_by":{"minecraft:skeleton":1},"minecraft:crafted":{"vanillaplustools:stone_hammer":1,"minecraft:crafting_table":1,"minecraft:wooden_pickaxe":1,"minecraft:iron_helmet":1,"minecraft:iron_sword":1,"minecraft:furnace":3,"minecraft:stone_axe":1,"minecraft:air":0,"minecraft:jungle_planks":24,"minecraft:iron_chestplate":2,"minecraft:iron_boots":2,"minecraft:diamond_pickaxe":1,"minecraft:stick":32,"minecraft:iron_ingot":95,"minecraft:iron_pickaxe":1,"minecraft:stone_pickaxe":11,"minecraft:iron_leggings":1,"minecraft:torch":4},"minecraft:picked_up":{"minecraft:crafting_table":3,"minecraft:iron_chestplate":1,"chococraft:loverly_gysahl_green":1,"minecraft:andesite":90,"minecraft:jungle_log":49,"minecraft:leather":7,"minecraft:flint":4,"minecraft:tuff":108,"minecraft:lapis_lazuli":18,"minecraft:dirt":10,"minecraft:raw_copper":10,"chococraft:gysahl_green":29,"chococraft:gold_gysahl":2,"minecraft:wheat_seeds":1,"minecraft:cobbled_deepslate":758,"minecraft:beef":8,"minecraft:bamboo":22,"minecraft:melon_slice":88,"minecraft:furnace":3,"minecraft:iron_boots":1,"minecraft:raw_iron":101,"minecraft:torch":17,"minecraft:gravel":41,"minecraft:porkchop":22,"chococraft:gysahl_green_seeds":12,"minecraft:diorite":20,"minecraft:redstone":46,"minecraft:mossy_cobblestone":14,"minecraft:diamond":63,"minecraft:granite":36,"minecraft:mutton":6,"minecraft:coal":50,"minecraft:white_wool":4,"minecraft:cobblestone":540},"minecraft:mined":{"minecraft:podzol":1,"minecraft:deepslate_redstone_ore":10,"minecraft:tuff":125,"minecraft:mossy_cobblestone":14,"minecraft:deepslate_diamond_ore":64,"minecraft:cobblestone_stairs":2,"minecraft:jungle_leaves":2,"minecraft:crafting_table":3,"minecraft:torch":18,"minecraft:granite":18,"minecraft:grass_block":4,"minecraft:melon":20,"minecraft:jungle_log":50,"minecraft:redstone_wire":2,"minecraft:copper_ore":1,"minecraft:cobblestone":11,"minecraft:lapis_ore":3,"minecraft:diorite":10,"minecraft:deepslate_copper_ore":2,"minecraft:furnace":3,"minecraft:iron_ore":99,"minecraft:cobbled_deepslate":4,"minecraft:andesite":80,"minecraft:grass":31,"chococraft:gysahl_green":13,"minecraft:coal_ore":35,"minecraft:deepslate_iron_ore":2,"minecraft:vine":17,"minecraft:gravel":43,"minecraft:dripstone_block":1,"minecraft:dirt":20,"minecraft:bamboo":4,"minecraft:stone":484,"minecraft:oak_leaves":22,"minecraft:deepslate":760,"minecraft:fern":13}},"DataVersion":3465}