{"stats":{"minecraft:broken":{"minecraft:stone_pickaxe":2,"minecraft:iron_pickaxe":1},"minecraft:dropped":{"minecraft:gravel":14,"minecraft:cobbled_deepslate":256,"minecraft:raw_copper":10,"minecraft:tuff":104,"minecraft:cobblestone":329,"minecraft:granite":29,"minecraft:jungle_planks":1,"minecraft:diorite":20,"minecraft:andesite":10},"minecraft:used":{"minecraft:stone_pickaxe":271,"minecraft:wooden_pickaxe":25,"minecraft:iron_sword":13,"vanillaplustools:stone_hammer":120,"minecraft:torch":18,"minecraft:dirt":10,"minecraft:crafting_table":4,"minecraft:tuff":10,"minecraft:granite":7,"minecraft:diamond_pickaxe":201,"minecraft:melon_slice":15,"minecraft:iron_pickaxe":250,"minecraft:stone_axe":96,"minecraft:cobblestone":14,"minecraft:furnace":3,"minecraft:andesite":80,"minecraft:cobbled_deepslate":25},"minecraft:custom":{"minecraft:interact_with_furnace":21,"minecraft:mob_kills":3,"minecraft:interact_with_crafting_table":13,"minecraft:leave_game":10,"minecraft:time_since_death":78482,"minecraft:climb_one_cm":10399,"minecraft:time_since_rest":80828,"minecraft:sprint_one_cm":54044,"minecraft:damage_taken":424,"minecraft:walk_one_cm":167683,"minecraft:drop":21,"minecraft:damage_dealt":300,"minecraft:swim_one_cm":3107,"minecraft:fly_one_cm":43647,"minecraft:open_chest":2,"minecraft:crouch_one_cm":2179,"minecraft:play_time":93478,"minecraft:deaths":1,"minecraft:sneak_time":2071,"minecraft:walk_under_water_one_cm":822,"minecraft:jump":744,"minecraft:walk_on_water_one_cm":2427,"minecraft:total_world_time":93478,"minecraft:fall_one_cm":13465},"minecraft:killed":{"minecraft:pig":2,"minecraft:cow":1},"minecraft:killed_by":{"minecraft:skeleton":1},"minecraft:crafted":{"vanillaplustools:stone_hammer":1,"minecraft:crafting_table":1,"minecraft:wooden_pickaxe":1,"minecraft:iron_helmet":1,"minecraft:iron_sword":1,"minecraft:furnace":3,"minecraft:stone_axe":1,"minecraft:air":0,"minecraft:jungle_planks":24,"minecraft:iron_boots":1,"minecraft:iron_chestplate":1,"minecraft:diamond_pickaxe":1,"minecraft:stick":32,"minecraft:iron_ingot":95,"minecraft:iron_pickaxe":1,"minecraft:stone_pickaxe":11,"minecraft:iron_leggings":1,"minecraft:torch":4},"minecraft:picked_up":{"minecraft:crafting_table":3,"minecraft:jungle_log":43,"minecraft:andesite":90,"minecraft:leather":1,"minecraft:tuff":108,"minecraft:lapis_lazuli":18,"minecraft:dirt":10,"minecraft:raw_copper":10,"chococraft:gysahl_green":4,"minecraft:cobbled_deepslate":756,"minecraft:beef":3,"minecraft:bamboo":22,"minecraft:melon_slice":88,"minecraft:furnace":3,"minecraft:raw_iron":101,"minecraft:torch":17,"minecraft:gravel":14,"minecraft:porkchop":1,"chococraft:gysahl_green_seeds":2,"minecraft:diorite":20,"minecraft:redstone":46,"minecraft:mossy_cobblestone":14,"minecraft:diamond":63,"minecraft:granite":36,"minecraft:coal":50,"minecraft:cobblestone":540},"minecraft:mined":{"minecraft:podzol":1,"minecraft:deepslate_redstone_ore":10,"minecraft:tuff":125,"minecraft:mossy_cobblestone":14,"minecraft:deepslate_diamond_ore":64,"minecraft:cobblestone_stairs":2,"minecraft:jungle_leaves":2,"minecraft:crafting_table":3,"minecraft:torch":18,"minecraft:granite":18,"minecraft:grass_block":4,"minecraft:melon":20,"minecraft:jungle_log":44,"minecraft:redstone_wire":2,"minecraft:copper_ore":1,"minecraft:cobblestone":11,"minecraft:lapis_ore":3,"minecraft:diorite":10,"minecraft:deepslate_copper_ore":2,"minecraft:furnace":3,"minecraft:cobbled_deepslate":1,"minecraft:iron_ore":99,"minecraft:andesite":80,"minecraft:grass":16,"chococraft:gysahl_green":2,"minecraft:coal_ore":35,"minecraft:deepslate_iron_ore":2,"minecraft:vine":16,"minecraft:gravel":7,"minecraft:dripstone_block":1,"minecraft:dirt":19,"minecraft:bamboo":4,"minecraft:stone":484,"minecraft:oak_leaves":22,"minecraft:deepslate":760,"minecraft:fern":10}},"DataVersion":3465}