{"stats":{"minecraft:broken":{"minecraft:stone_pickaxe":2,"vanillaplustools:stone_hammer":1,"minecraft:iron_axe":1,"minecraft:iron_pickaxe":1},"minecraft:dropped":{"minecraft:bread":6,"minecraft:porkchop":2,"minecraft:wheat_seeds":12,"minecraft:baked_potato":7,"chococraft:gold_gysahl":1,"minecraft:diamond":2,"minecraft:cobblestone":465,"minecraft:granite":157,"minecraft:jungle_planks":10,"minecraft:coal":3,"minecraft:stick":12,"minecraft:polished_andesite":1,"minecraft:diorite":20,"minecraft:stone_button":2,"minecraft:melon_slice":51,"minecraft:brown_wool":3,"twilightforest:mushgloom":1,"minecraft:dandelion":5,"minecraft:green_wool":1,"minecraft:gravel":169,"minecraft:stone_axe":2,"minecraft:cocoa_beans":18,"minecraft:cobbled_deepslate":839,"minecraft:raw_copper":10,"minecraft:tuff":170,"minecraft:wheat":1,"minecraft:blue_wool":1,"minecraft:beetroot":14,"minecraft:rotten_flesh":2,"minecraft:light_gray_wool":3,"minecraft:iron_boots":2,"minecraft:jungle_trapdoor":2,"minecraft:carrot":3,"minecraft:poppy":1,"minecraft:potato":1,"minecraft:stone":8,"minecraft:iron_chestplate":2,"minecraft:beetroot_seeds":17,"minecraft:andesite":21,"minecraft:wooden_pickaxe":2,"minecraft:egg":5},"minecraft:custom":{"minecraft:mob_kills":71,"minecraft:animals_bred":12,"minecraft:interact_with_crafting_table":40,"minecraft:leave_game":31,"minecraft:time_since_death":247913,"minecraft:climb_one_cm":38030,"minecraft:sprint_one_cm":348845,"minecraft:walk_one_cm":555629,"minecraft:damage_blocked_by_shield":255,"minecraft:drop":97,"minecraft:talked_to_villager":15,"minecraft:play_time":262909,"minecraft:sneak_time":8200,"minecraft:deaths":1,"minecraft:walk_under_water_one_cm":17684,"minecraft:jump":3225,"minecraft:walk_on_water_one_cm":18164,"minecraft:total_world_time":262909,"minecraft:interact_with_furnace":42,"minecraft:traded_with_villager":17,"minecraft:sleep_in_bed":3,"minecraft:time_since_rest":59453,"minecraft:damage_taken":1733,"minecraft:trigger_trapped_chest":1,"minecraft:damage_dealt":8473,"minecraft:swim_one_cm":9644,"minecraft:fly_one_cm":1780524,"minecraft:open_chest":40,"minecraft:crouch_one_cm":16906,"minecraft:fall_one_cm":63147},"minecraft:used":{"gobber2:gobber2_goo":1,"minecraft:iron_shovel":120,"minecraft:poppy":6,"gobber2:gobber2_gooey_bread":1,"minecraft:chest":2,"minecraft:shield":8,"minecraft:iron_sword":322,"vanillaplustools:stone_hammer":133,"minecraft:torch":30,"minecraft:dirt":108,"securitycraft:keypad_item":1,"minecraft:carrot":19,"cfm:jungle_desk":2,"minecraft:tuff":13,"minecraft:jungle_trapdoor":4,"minecraft:granite":7,"minecraft:milk_bucket":1,"minecraft:iron_axe":456,"twilightforest:twilight_oak_planks":32,"gobber2:gobber2_gooey_beef":1,"minecraft:written_book":1,"minecraft:furnace":6,"minecraft:egg":5,"minecraft:cobbled_deepslate":94,"minecraft:water_bucket":9,"minecraft:diorite":6,"minecraft:stone_pickaxe":271,"minecraft:wooden_pickaxe":25,"minecraft:sugar_cane":63,"minecraft:fletching_table":1,"minecraft:mossy_cobblestone":2,"minecraft:crafting_table":6,"minecraft:white_bed":5,"cfm:jungle_blinds":2,"minecraft:diamond_pickaxe":394,"gobber2:gobber2_gooey_beefstew":1,"chococraft:gysahl_green_seeds":1,"minecraft:melon_slice":25,"minecraft:iron_pickaxe":250,"twilightforest:mushgloom":2,"minecraft:stone_axe":129,"minecraft:cobblestone":279,"vanillaplustools:iron_hammer":186,"minecraft:cooked_porkchop":15,"minecraft:andesite":80,"minecraft:bucket":8,"minecraft:mossy_cobblestone_wall":2,"minecraft:dandelion":9,"twilightforest:canopy_planks":4},"minecraft:killed":{"twilightforest:boar":11,"twilightforest:deer":2,"minecraft:witch":1,"minecraft:horse":3,"twilightforest:tiny_bird":1,"minecraft:pig":14,"minecraft:salmon":1,"twilightforest:kobold":3,"twilightforest:raven":2,"twilightforest:skeleton_druid":4,"minecraft:sheep":9,"minecraft:zombie":4,"minecraft:cow":3,"twilightforest:bighorn_sheep":13},"minecraft:killed_by":{"minecraft:skeleton":1},"minecraft:crafted":{"minecraft:smooth_stone":8,"vanillaplustools:stone_hammer":1,"minecraft:furnace":4,"minecraft:stone_button":9,"minecraft:blast_furnace":1,"minecraft:jungle_trapdoor":4,"minecraft:stone":32,"securitycraft:keypad_item":1,"minecraft:bookshelf":2,"minecraft:heavy_weighted_pressure_plate":1,"minecraft:cooked_mutton":6,"vanillaplustools:iron_hammer":1,"minecraft:iron_boots":2,"cfm:jungle_blinds":2,"twilightforest:twilight_oak_planks":84,"minecraft:iron_axe":2,"minecraft:ladder":45,"minecraft:stone_pickaxe":11,"minecraft:chest":2,"twilightforest:canopy_planks":4,"minecraft:wheat":27,"minecraft:cooked_beef":8,"minecraft:emerald":17,"minecraft:cooked_porkchop":17,"minecraft:crafting_table":3,"minecraft:wooden_pickaxe":1,"minecraft:iron_helmet":1,"minecraft:iron_sword":1,"twilightforest:twilight_oak_slab":6,"minecraft:fletching_table":1,"minecraft:bucket":1,"minecraft:stone_axe":1,"minecraft:air":0,"minecraft:jungle_planks":428,"minecraft:lectern":1,"minecraft:book":7,"minecraft:paper":42,"minecraft:iron_chestplate":2,"minecraft:diamond_pickaxe":1,"minecraft:shield":1,"minecraft:stick":716,"minecraft:iron_ingot":95,"minecraft:iron_pickaxe":10,"cfm:jungle_desk":2,"minecraft:iron_shovel":1,"minecraft:iron_leggings":1,"minecraft:white_bed":3,"minecraft:torch":12},"minecraft:picked_up":{"minecraft:iron_chestplate":1,"minecraft:cocoa_beans":18,"minecraft:crafting_table":3,"chococraft:loverly_gysahl_green":1,"minecraft:wheat":2,"minecraft:wooden_pickaxe":1,"minecraft:pink_wool":1,"minecraft:jungle_trapdoor":2,"minecraft:raw_copper":37,"minecraft:beetroot":14,"minecraft:gold_nugget":1,"minecraft:cobbled_deepslate":1417,"minecraft:mossy_cobblestone_wall":4,"minecraft:beef":8,"minecraft:cobblestone_slab":1,"minecraft:written_book":2,"minecraft:jungle_sapling":6,"minecraft:poppy":7,"minecraft:light_gray_wool":2,"minecraft:melon_slice":139,"minecraft:sugar_cane":105,"minecraft:furnace":3,"minecraft:iron_boots":1,"minecraft:egg":5,"minecraft:blue_wool":1,"minecraft:lime_wool":1,"minecraft:stick":9,"minecraft:raw_iron":112,"minecraft:stone":8,"minecraft:torch":22,"minecraft:porkchop":50,"minecraft:stone_button":1,"minecraft:diorite":56,"minecraft:carrot":19,"minecraft:redstone":59,"gobber2:gobber2_foo":1,"minecraft:rotten_flesh":4,"minecraft:beetroot_seeds":17,"minecraft:golden_hoe":1,"minecraft:hay_block":3,"minecraft:green_wool":1,"minecraft:obsidian":17,"minecraft:mutton":31,"minecraft:white_wool":9,"minecraft:cobblestone":1512,"minecraft:jungle_boat":1,"minecraft:feather":2,"twilightforest:twilight_oak_log":20,"minecraft:andesite":101,"minecraft:jungle_log":382,"minecraft:brown_wool":3,"twilightforest:twilight_oak_wood":1,"gobber2:gobber2_gooey_beefstew":2,"minecraft:leather":7,"minecraft:flint":12,"minecraft:tuff":177,"minecraft:lapis_lazuli":27,"minecraft:dirt":22,"chococraft:chocobo_feather":1,"twilightforest:raw_venison":2,"minecraft:bone":2,"chococraft:gysahl_green":29,"chococraft:gold_gysahl":2,"gobber2:gobber2_gooey_beef":1,"minecraft:wheat_seeds":28,"minecraft:raw_gold":6,"minecraft:bamboo":22,"gobber2:gobber2_gooey_bread":3,"twilightforest:mushgloom":4,"minecraft:dandelion":14,"minecraft:gravel":254,"minecraft:jungle_planks":9,"twilightforest:canopy_log":1,"chococraft:gysahl_green_seeds":12,"minecraft:blast_furnace":1,"minecraft:white_bed":2,"minecraft:mossy_cobblestone":16,"minecraft:polished_andesite":1,"minecraft:sugar":2,"minecraft:diamond":73,"minecraft:stone_axe":1,"twilightforest:raven_feather":3,"minecraft:granite":249,"twilightforest:torchberries":6,"minecraft:coal":53,"gobber2:gobber2_goo":4},"minecraft:mined":{"twilightforest:firefly":1,"minecraft:tuff":228,"minecraft:white_bed":2,"minecraft:mossy_cobblestone":16,"minecraft:deepslate_diamond_ore":73,"minecraft:cobblestone_stairs":5,"minecraft:jungle_leaves":19,"minecraft:obsidian":20,"minecraft:granite":167,"minecraft:grass_block":5,"gobber2:gobber2_lucky_block":8,"minecraft:jungle_log":389,"minecraft:redstone_wire":2,"minecraft:spawner":1,"minecraft:hay_block":3,"twilightforest:mushgloom":3,"minecraft:tall_seagrass":1,"minecraft:redstone_ore":1,"minecraft:carrots":6,"minecraft:furnace":3,"minecraft:mossy_cobblestone_stairs":3,"minecraft:iron_ore":107,"minecraft:cobbled_deepslate":7,"minecraft:andesite":91,"twilightforest:twilight_oak_wood":1,"chococraft:gysahl_green":13,"twilightforest:firefly_jar":1,"minecraft:dirt_path":5,"minecraft:vine":82,"minecraft:cobblestone_slab":2,"minecraft:deepslate_iron_ore":5,"minecraft:bamboo":4,"minecraft:stone":1312,"minecraft:jungle_trapdoor":1,"minecraft:podzol":1,"minecraft:deepslate_redstone_ore":14,"twilightforest:root_strand":1,"minecraft:dandelion":13,"minecraft:cornflower":1,"minecraft:crafting_table":3,"minecraft:torch":18,"minecraft:blast_furnace":1,"minecraft:mossy_cobblestone_wall":4,"minecraft:poppy":7,"minecraft:melon":20,"twilightforest:twilight_oak_log":20,"minecraft:mushroom_stem":1,"minecraft:copper_ore":10,"minecraft:tall_grass":2,"minecraft:cobblestone":113,"minecraft:deepslate_gold_ore":6,"minecraft:lapis_ore":7,"minecraft:sugar_cane":86,"twilightforest:mayapple":3,"minecraft:diorite":46,"minecraft:wall_torch":1,"minecraft:deepslate_copper_ore":2,"minecraft:cobblestone_wall":1,"minecraft:wheat":1,"gobber2:gobber2_lucky_block_deepslate":3,"minecraft:grass":131,"minecraft:coal_ore":38,"minecraft:cocoa":1,"minecraft:beetroots":7,"twilightforest:moss_patch":2,"minecraft:gravel":174,"minecraft:dirt":29,"minecraft:dripstone_block":1,"minecraft:polished_andesite":1,"twilightforest:canopy_log":1,"minecraft:mossy_stone_bricks":2,"minecraft:deepslate":1152,"minecraft:oak_leaves":22,"minecraft:fern":16}},"DataVersion":3465}