{"stats":{"minecraft:broken":{"minecraft:stone_pickaxe":2,"vanillaplustools:stone_hammer":1,"minecraft:iron_pickaxe":1},"minecraft:dropped":{"minecraft:porkchop":1,"chococraft:gold_gysahl":1,"minecraft:cobblestone":329,"minecraft:granite":93,"minecraft:jungle_planks":1,"minecraft:stick":1,"minecraft:diorite":20,"minecraft:stone_button":1,"minecraft:gravel":78,"minecraft:stone_axe":1,"minecraft:cobbled_deepslate":391,"minecraft:raw_copper":10,"minecraft:tuff":170,"minecraft:rotten_flesh":2,"minecraft:light_gray_wool":1,"minecraft:iron_boots":2,"minecraft:jungle_trapdoor":1,"minecraft:iron_chestplate":2,"minecraft:andesite":10,"minecraft:wooden_pickaxe":1,"minecraft:egg":5},"minecraft:custom":{"minecraft:mob_kills":27,"minecraft:animals_bred":2,"minecraft:interact_with_crafting_table":31,"minecraft:leave_game":26,"minecraft:time_since_death":151650,"minecraft:climb_one_cm":16062,"minecraft:sprint_one_cm":160308,"minecraft:walk_one_cm":314411,"minecraft:damage_blocked_by_shield":25,"minecraft:drop":43,"minecraft:talked_to_villager":10,"minecraft:play_time":166646,"minecraft:deaths":1,"minecraft:sneak_time":4661,"minecraft:walk_under_water_one_cm":11340,"minecraft:jump":1636,"minecraft:walk_on_water_one_cm":15009,"minecraft:total_world_time":166646,"minecraft:interact_with_furnace":42,"minecraft:traded_with_villager":1,"minecraft:sleep_in_bed":2,"minecraft:time_since_rest":40431,"minecraft:damage_taken":521,"minecraft:damage_dealt":3450,"minecraft:swim_one_cm":4032,"minecraft:fly_one_cm":154252,"minecraft:open_chest":20,"minecraft:crouch_one_cm":8412,"minecraft:fall_one_cm":32200},"minecraft:used":{"gobber2:gobber2_goo":1,"minecraft:iron_shovel":120,"gobber2:gobber2_gooey_bread":1,"minecraft:shield":1,"minecraft:iron_sword":126,"vanillaplustools:stone_hammer":133,"minecraft:torch":24,"minecraft:dirt":35,"securitycraft:keypad_item":1,"cfm:jungle_desk":2,"minecraft:jungle_trapdoor":2,"minecraft:tuff":13,"minecraft:granite":7,"gobber2:gobber2_gooey_beef":1,"minecraft:furnace":6,"minecraft:cobbled_deepslate":94,"minecraft:stone_pickaxe":271,"minecraft:wooden_pickaxe":25,"minecraft:fletching_table":1,"minecraft:sugar_cane":28,"minecraft:crafting_table":5,"cfm:jungle_blinds":2,"minecraft:diamond_pickaxe":310,"chococraft:gysahl_green_seeds":1,"minecraft:melon_slice":22,"minecraft:iron_pickaxe":250,"minecraft:stone_axe":129,"minecraft:cobblestone":174,"vanillaplustools:iron_hammer":125,"minecraft:andesite":80},"minecraft:killed":{"minecraft:horse":3,"minecraft:pig":14,"minecraft:sheep":4,"minecraft:zombie":3,"minecraft:cow":3},"minecraft:killed_by":{"minecraft:skeleton":1},"minecraft:crafted":{"minecraft:smooth_stone":8,"vanillaplustools:stone_hammer":1,"minecraft:furnace":4,"minecraft:stone_button":9,"minecraft:blast_furnace":1,"minecraft:jungle_trapdoor":2,"minecraft:stone":32,"securitycraft:keypad_item":1,"minecraft:heavy_weighted_pressure_plate":1,"minecraft:cooked_mutton":6,"vanillaplustools:iron_hammer":1,"minecraft:iron_boots":2,"cfm:jungle_blinds":2,"minecraft:ladder":45,"minecraft:stone_pickaxe":11,"minecraft:wheat":27,"minecraft:cooked_beef":8,"minecraft:emerald":1,"minecraft:cooked_porkchop":17,"minecraft:crafting_table":2,"minecraft:wooden_pickaxe":1,"minecraft:iron_helmet":1,"minecraft:iron_sword":1,"minecraft:fletching_table":1,"minecraft:stone_axe":1,"minecraft:air":0,"minecraft:jungle_planks":136,"minecraft:iron_chestplate":2,"minecraft:diamond_pickaxe":1,"minecraft:shield":1,"minecraft:stick":204,"minecraft:iron_ingot":95,"minecraft:iron_pickaxe":10,"cfm:jungle_desk":2,"minecraft:iron_shovel":1,"minecraft:iron_leggings":1,"minecraft:torch":12},"minecraft:mined":{"minecraft:tuff":228,"minecraft:mossy_cobblestone":14,"minecraft:deepslate_diamond_ore":73,"minecraft:cobblestone_stairs":2,"minecraft:jungle_leaves":2,"minecraft:granite":163,"minecraft:grass_block":4,"gobber2:gobber2_lucky_block":7,"minecraft:jungle_log":50,"minecraft:redstone_wire":2,"minecraft:hay_block":3,"minecraft:furnace":3,"minecraft:iron_ore":107,"minecraft:cobbled_deepslate":7,"minecraft:andesite":91,"chococraft:gysahl_green":13,"minecraft:deepslate_iron_ore":5,"minecraft:vine":17,"minecraft:bamboo":4,"minecraft:stone":879,"minecraft:jungle_trapdoor":1,"minecraft:podzol":1,"minecraft:deepslate_redstone_ore":14,"minecraft:crafting_table":3,"minecraft:torch":18,"minecraft:melon":20,"minecraft:copper_ore":10,"minecraft:cobblestone":76,"minecraft:deepslate_gold_ore":6,"minecraft:lapis_ore":7,"minecraft:sugar_cane":36,"minecraft:diorite":46,"minecraft:deepslate_copper_ore":2,"gobber2:gobber2_lucky_block_deepslate":3,"minecraft:grass":40,"minecraft:coal_ore":35,"minecraft:dirt":21,"minecraft:gravel":174,"minecraft:dripstone_block":1,"minecraft:oak_leaves":22,"minecraft:deepslate":1152,"minecraft:fern":15},"minecraft:picked_up":{"chococraft:loverly_gysahl_green":1,"minecraft:crafting_table":3,"minecraft:iron_chestplate":1,"minecraft:wooden_pickaxe":1,"minecraft:jungle_trapdoor":2,"minecraft:raw_copper":37,"minecraft:cobbled_deepslate":969,"minecraft:beef":8,"minecraft:light_gray_wool":1,"minecraft:melon_slice":88,"minecraft:sugar_cane":42,"minecraft:egg":5,"minecraft:iron_boots":1,"minecraft:furnace":3,"minecraft:raw_iron":112,"minecraft:torch":19,"minecraft:porkchop":24,"minecraft:stone_button":1,"minecraft:diorite":56,"minecraft:redstone":59,"gobber2:gobber2_foo":1,"minecraft:rotten_flesh":4,"minecraft:hay_block":3,"minecraft:mutton":6,"minecraft:cobblestone":993,"minecraft:white_wool":4,"minecraft:jungle_log":49,"minecraft:andesite":101,"minecraft:leather":7,"gobber2:gobber2_gooey_beefstew":1,"minecraft:flint":12,"minecraft:tuff":177,"minecraft:dirt":11,"minecraft:lapis_lazuli":27,"chococraft:chocobo_feather":1,"chococraft:gysahl_green":29,"chococraft:gold_gysahl":2,"gobber2:gobber2_gooey_beef":1,"minecraft:wheat_seeds":3,"minecraft:raw_gold":6,"minecraft:bamboo":22,"gobber2:gobber2_gooey_bread":3,"minecraft:gravel":163,"chococraft:gysahl_green_seeds":12,"minecraft:mossy_cobblestone":14,"minecraft:diamond":72,"minecraft:stone_axe":1,"minecraft:granite":181,"gobber2:gobber2_goo":4,"minecraft:coal":50}},"DataVersion":3465}