{"stats":{"minecraft:broken":{"minecraft:stone_pickaxe":2,"vanillaplustools:stone_hammer":1,"minecraft:iron_pickaxe":1},"minecraft:dropped":{"chococraft:gold_gysahl":1,"minecraft:cobblestone":329,"minecraft:granite":29,"minecraft:jungle_planks":1,"minecraft:stick":1,"minecraft:diorite":20,"minecraft:gravel":14,"minecraft:cobbled_deepslate":384,"minecraft:raw_copper":10,"minecraft:tuff":104,"minecraft:iron_boots":2,"minecraft:iron_chestplate":2,"minecraft:andesite":10},"minecraft:custom":{"minecraft:mob_kills":27,"minecraft:animals_bred":2,"minecraft:interact_with_crafting_table":30,"minecraft:leave_game":26,"minecraft:time_since_death":139650,"minecraft:climb_one_cm":15714,"minecraft:sprint_one_cm":149131,"minecraft:walk_one_cm":278333,"minecraft:damage_blocked_by_shield":25,"minecraft:drop":29,"minecraft:talked_to_villager":10,"minecraft:play_time":154646,"minecraft:deaths":1,"minecraft:sneak_time":3696,"minecraft:walk_under_water_one_cm":11101,"minecraft:jump":1414,"minecraft:walk_on_water_one_cm":10674,"minecraft:total_world_time":154646,"minecraft:interact_with_furnace":41,"minecraft:traded_with_villager":1,"minecraft:sleep_in_bed":2,"minecraft:time_since_rest":28431,"minecraft:damage_taken":521,"minecraft:damage_dealt":3450,"minecraft:swim_one_cm":4032,"minecraft:fly_one_cm":149339,"minecraft:open_chest":19,"minecraft:crouch_one_cm":5605,"minecraft:fall_one_cm":31782},"minecraft:used":{"gobber2:gobber2_goo":1,"minecraft:iron_shovel":120,"gobber2:gobber2_gooey_bread":1,"minecraft:shield":1,"minecraft:iron_sword":105,"vanillaplustools:stone_hammer":133,"minecraft:torch":24,"minecraft:dirt":22,"securitycraft:keypad_item":1,"cfm:jungle_desk":2,"minecraft:jungle_trapdoor":2,"minecraft:tuff":10,"minecraft:granite":7,"minecraft:furnace":6,"minecraft:cobbled_deepslate":25,"minecraft:stone_pickaxe":271,"minecraft:wooden_pickaxe":25,"minecraft:fletching_table":1,"minecraft:sugar_cane":20,"minecraft:crafting_table":5,"cfm:jungle_blinds":2,"minecraft:diamond_pickaxe":267,"chococraft:gysahl_green_seeds":1,"minecraft:melon_slice":22,"minecraft:iron_pickaxe":250,"minecraft:stone_axe":129,"minecraft:cobblestone":161,"vanillaplustools:iron_hammer":82,"minecraft:andesite":80},"minecraft:killed":{"minecraft:horse":3,"minecraft:pig":14,"minecraft:sheep":4,"minecraft:zombie":3,"minecraft:cow":3},"minecraft:killed_by":{"minecraft:skeleton":1},"minecraft:crafted":{"minecraft:smooth_stone":8,"vanillaplustools:stone_hammer":1,"minecraft:furnace":4,"minecraft:stone_button":9,"minecraft:blast_furnace":1,"minecraft:jungle_trapdoor":2,"minecraft:stone":32,"securitycraft:keypad_item":1,"minecraft:heavy_weighted_pressure_plate":1,"minecraft:cooked_mutton":6,"vanillaplustools:iron_hammer":1,"minecraft:iron_boots":2,"cfm:jungle_blinds":2,"minecraft:ladder":45,"minecraft:stone_pickaxe":11,"minecraft:wheat":27,"minecraft:cooked_beef":8,"minecraft:emerald":1,"minecraft:cooked_porkchop":17,"minecraft:crafting_table":2,"minecraft:wooden_pickaxe":1,"minecraft:iron_helmet":1,"minecraft:iron_sword":1,"minecraft:fletching_table":1,"minecraft:stone_axe":1,"minecraft:air":0,"minecraft:jungle_planks":136,"minecraft:iron_chestplate":2,"minecraft:diamond_pickaxe":1,"minecraft:shield":1,"minecraft:stick":204,"minecraft:iron_ingot":95,"minecraft:iron_pickaxe":10,"cfm:jungle_desk":2,"minecraft:iron_shovel":1,"minecraft:iron_leggings":1,"minecraft:torch":12},"minecraft:mined":{"minecraft:tuff":175,"minecraft:mossy_cobblestone":14,"minecraft:deepslate_diamond_ore":64,"minecraft:cobblestone_stairs":2,"minecraft:jungle_leaves":2,"minecraft:granite":163,"minecraft:grass_block":4,"gobber2:gobber2_lucky_block":7,"minecraft:jungle_log":50,"minecraft:redstone_wire":2,"minecraft:hay_block":3,"minecraft:furnace":3,"minecraft:iron_ore":107,"minecraft:cobbled_deepslate":4,"minecraft:andesite":91,"chococraft:gysahl_green":13,"minecraft:deepslate_iron_ore":4,"minecraft:vine":17,"minecraft:bamboo":4,"minecraft:stone":823,"minecraft:jungle_trapdoor":1,"minecraft:podzol":1,"minecraft:deepslate_redstone_ore":14,"minecraft:crafting_table":3,"minecraft:torch":18,"minecraft:melon":20,"minecraft:copper_ore":10,"minecraft:cobblestone":75,"minecraft:lapis_ore":7,"minecraft:sugar_cane":15,"minecraft:diorite":46,"minecraft:deepslate_copper_ore":2,"gobber2:gobber2_lucky_block_deepslate":3,"minecraft:grass":40,"minecraft:coal_ore":35,"minecraft:dirt":20,"minecraft:gravel":174,"minecraft:dripstone_block":1,"minecraft:oak_leaves":22,"minecraft:deepslate":893,"minecraft:fern":15},"minecraft:picked_up":{"chococraft:loverly_gysahl_green":1,"minecraft:crafting_table":3,"minecraft:iron_chestplate":1,"minecraft:jungle_trapdoor":1,"minecraft:raw_copper":37,"minecraft:cobbled_deepslate":857,"minecraft:beef":8,"minecraft:melon_slice":88,"minecraft:sugar_cane":20,"minecraft:iron_boots":1,"minecraft:furnace":3,"minecraft:raw_iron":110,"minecraft:torch":18,"minecraft:porkchop":23,"minecraft:diorite":56,"minecraft:redstone":59,"minecraft:rotten_flesh":4,"minecraft:hay_block":3,"minecraft:mutton":6,"minecraft:cobblestone":936,"minecraft:white_wool":4,"minecraft:jungle_log":49,"minecraft:andesite":101,"minecraft:leather":7,"gobber2:gobber2_gooey_beefstew":1,"minecraft:flint":12,"minecraft:tuff":153,"minecraft:dirt":10,"minecraft:lapis_lazuli":27,"chococraft:chocobo_feather":1,"chococraft:gysahl_green":29,"chococraft:gold_gysahl":2,"minecraft:wheat_seeds":3,"minecraft:bamboo":22,"gobber2:gobber2_gooey_bread":3,"minecraft:gravel":162,"chococraft:gysahl_green_seeds":12,"minecraft:mossy_cobblestone":14,"minecraft:diamond":63,"minecraft:granite":181,"gobber2:gobber2_goo":3,"minecraft:coal":50}},"DataVersion":3465}