{"stats":{"minecraft:dropped":{"minecraft:raw_copper":14,"minecraft:tuff":6,"minecraft:pointed_dripstone":2,"minecraft:wooden_pickaxe":1},"minecraft:used":{"minecraft:stone_pickaxe":99,"minecraft:wooden_pickaxe":36,"minecraft:torch":9,"minecraft:dirt":13,"minecraft:crafting_table":3,"minecraft:dripstone_block":3,"minecraft:tuff":7,"minecraft:granite":13,"minecraft:wooden_axe":10,"minecraft:iron_axe":16,"minecraft:iron_pickaxe":125,"minecraft:cobblestone":39,"minecraft:furnace":1},"minecraft:custom":{"minecraft:interact_with_furnace":26,"minecraft:mob_kills":1,"minecraft:interact_with_crafting_table":11,"minecraft:time_since_death":40879,"minecraft:climb_one_cm":2382,"minecraft:time_since_rest":40917,"minecraft:sprint_one_cm":34418,"minecraft:damage_taken":455,"minecraft:walk_one_cm":66017,"minecraft:drop":23,"minecraft:damage_dealt":665,"minecraft:swim_one_cm":650,"minecraft:player_kills":2,"minecraft:fly_one_cm":16483,"minecraft:crouch_one_cm":22671,"minecraft:play_time":49754,"minecraft:deaths":1,"minecraft:sneak_time":14639,"minecraft:walk_under_water_one_cm":6883,"minecraft:jump":461,"minecraft:walk_on_water_one_cm":3779,"minecraft:total_world_time":49754,"minecraft:fall_one_cm":14268},"minecraft:killed":{"minecraft:sheep":1},"minecraft:killed_by":{"minecraft:zombie":1},"minecraft:crafted":{"minecraft:oak_planks":36,"minecraft:raw_iron":9,"minecraft:crafting_table":2,"minecraft:wooden_pickaxe":2,"minecraft:iron_helmet":1,"minecraft:iron_sword":1,"minecraft:furnace":1,"minecraft:air":0,"minecraft:jungle_planks":24,"minecraft:iron_boots":1,"minecraft:iron_chestplate":1,"minecraft:shield":1,"minecraft:iron_axe":1,"minecraft:stick":24,"minecraft:iron_ingot":46,"minecraft:iron_pickaxe":1,"minecraft:stone_pickaxe":1,"minecraft:wooden_axe":1,"minecraft:gold_ingot":5,"minecraft:iron_leggings":1,"minecraft:torch":8},"minecraft:mined":{"minecraft:tuff":13,"minecraft:deepslate_diamond_ore":7,"minecraft:crafting_table":3,"minecraft:torch":7,"minecraft:granite":15,"minecraft:jungle_log":20,"minecraft:copper_ore":4,"minecraft:cobblestone":10,"minecraft:sugar_cane":4,"minecraft:diorite":2,"minecraft:wall_torch":2,"minecraft:raw_iron_block":1,"minecraft:furnace":1,"minecraft:iron_ore":10,"minecraft:andesite":10,"minecraft:grass":2,"minecraft:coal_ore":41,"minecraft:pointed_dripstone":2,"minecraft:oak_log":9,"minecraft:deepslate_iron_ore":28,"minecraft:vine":4,"minecraft:dirt":13,"minecraft:dripstone_block":5,"minecraft:bamboo":2,"minecraft:stone":77,"minecraft:gold_ore":5,"minecraft:oak_leaves":2,"minecraft:deepslate":15,"minecraft:fern":2},"minecraft:picked_up":{"minecraft:crafting_table":3,"minecraft:jungle_log":18,"minecraft:andesite":9,"minecraft:wooden_pickaxe":1,"minecraft:tuff":19,"minecraft:oak_log":9,"minecraft:dirt":13,"minecraft:raw_copper":14,"minecraft:cobbled_deepslate":14,"minecraft:raw_gold":5,"minecraft:bamboo":14,"minecraft:sugar_cane":12,"minecraft:furnace":1,"minecraft:raw_iron":37,"minecraft:torch":9,"minecraft:raw_iron_block":1,"minecraft:dripstone_block":4,"minecraft:pointed_dripstone":2,"minecraft:diorite":2,"minecraft:diamond":7,"minecraft:granite":13,"minecraft:mutton":2,"minecraft:coal":66,"minecraft:white_wool":1,"minecraft:cobblestone":83}},"DataVersion":3465}