{"stats":{"minecraft:broken":{"minecraft:stone_axe":1,"minecraft:stone_shovel":3},"minecraft:dropped":{"chococraft:loverly_gysahl_green":1,"minecraft:wheat_seeds":14,"chococraft:gold_gysahl":1,"minecraft:feather":2,"chococraft:gysahl_green_seeds":5,"minecraft:stick":1,"minecraft:dirt":4,"minecraft:wooden_axe":1,"minecraft:white_wool":7,"minecraft:raw_copper":14,"minecraft:tuff":6,"minecraft:pointed_dripstone":2,"minecraft:stone_shovel":1,"minecraft:rotten_flesh":4,"minecraft:light_gray_wool":1,"minecraft:oak_planks":1,"minecraft:poppy":2,"minecraft:jungle_log":6,"minecraft:oak_sapling":1,"minecraft:bamboo":6,"minecraft:wooden_pickaxe":2,"chococraft:gysahl_green":18,"minecraft:egg":1},"minecraft:custom":{"minecraft:mob_kills":33,"minecraft:interact_with_crafting_table":37,"minecraft:leave_game":1,"minecraft:time_since_death":96536,"minecraft:climb_one_cm":16890,"minecraft:sprint_one_cm":461735,"minecraft:walk_one_cm":501341,"minecraft:drop":95,"minecraft:talked_to_villager":1,"minecraft:play_time":219206,"minecraft:sneak_time":19233,"minecraft:deaths":3,"minecraft:walk_under_water_one_cm":19266,"minecraft:boat_one_cm":223615,"minecraft:jump":3385,"minecraft:walk_on_water_one_cm":33841,"minecraft:total_world_time":219206,"minecraft:interact_with_furnace":49,"minecraft:sleep_in_bed":11,"minecraft:time_since_rest":3190,"minecraft:damage_taken":1703,"minecraft:damage_dealt":4728,"minecraft:swim_one_cm":55893,"minecraft:player_kills":2,"minecraft:fly_one_cm":4445983,"minecraft:open_chest":23,"minecraft:crouch_one_cm":32155,"minecraft:fall_one_cm":83784,"minecraft:horse_one_cm":234123},"minecraft:used":{"minecraft:stone_sword":82,"minecraft:stone_shovel":527,"minecraft:chest":5,"minecraft:torch":9,"minecraft:dirt":174,"minecraft:tuff":7,"minecraft:granite":13,"minecraft:wooden_axe":43,"tropicraft:palm_log":4,"minecraft:iron_axe":33,"minecraft:oak_sapling":7,"minecraft:furnace":5,"minecraft:water_bucket":1,"minecraft:stone_pickaxe":110,"minecraft:oak_planks":17,"minecraft:wooden_pickaxe":65,"minecraft:sugar_cane":20,"minecraft:sand":4,"minecraft:crafting_table":10,"minecraft:white_bed":8,"minecraft:dripstone_block":3,"minecraft:bread":18,"minecraft:melon_slice":32,"minecraft:iron_pickaxe":125,"minecraft:stone_axe":78,"minecraft:cobblestone":39,"minecraft:cooked_porkchop":2,"minecraft:bucket":1,"chococraft:gysahl_green":5,"minecraft:yellow_bed":6,"minecraft:oak_boat":3},"minecraft:killed":{"minecraft:chicken":2,"minecraft:pig":9,"minecraft:iron_golem":1,"minecraft:sheep":10,"minecraft:zombie":4,"minecraft:cow":6},"minecraft:killed_by":{"minecraft:zombie":1},"minecraft:crafted":{"minecraft:oak_planks":124,"minecraft:raw_iron":9,"minecraft:stone_shovel":5,"minecraft:furnace":1,"minecraft:cooked_mutton":11,"minecraft:iron_boots":1,"minecraft:iron_axe":1,"minecraft:stone_pickaxe":2,"minecraft:chest":4,"minecraft:wheat":162,"minecraft:cooked_porkchop":5,"minecraft:crafting_table":3,"minecraft:iron_helmet":1,"minecraft:wooden_pickaxe":3,"minecraft:iron_sword":1,"minecraft:stone_axe":1,"minecraft:bread":54,"minecraft:air":0,"minecraft:jungle_planks":24,"minecraft:oak_boat":1,"minecraft:iron_chestplate":1,"minecraft:shield":1,"minecraft:stick":48,"minecraft:iron_ingot":46,"minecraft:iron_pickaxe":1,"minecraft:wooden_axe":2,"minecraft:stone_sword":1,"minecraft:iron_leggings":1,"minecraft:gold_ingot":5,"minecraft:white_bed":1,"minecraft:acacia_planks":8,"minecraft:torch":8},"minecraft:mined":{"minecraft:tuff":13,"minecraft:white_bed":7,"minecraft:oak_sapling":2,"minecraft:deepslate_diamond_ore":7,"minecraft:jungle_leaves":3,"minecraft:granite":15,"minecraft:acacia_log":2,"minecraft:grass_block":489,"minecraft:jungle_log":41,"minecraft:kelp":4,"minecraft:hay_block":61,"minecraft:raw_iron_block":1,"minecraft:furnace":5,"minecraft:carrots":1,"minecraft:iron_ore":10,"minecraft:andesite":10,"minecraft:azure_bluet":2,"tropicraft:palm_log":15,"chococraft:gysahl_green":12,"minecraft:bookshelf":12,"minecraft:pointed_dripstone":2,"minecraft:potatoes":1,"minecraft:deepslate_iron_ore":28,"minecraft:vine":11,"minecraft:dirt_path":21,"minecraft:bamboo":6,"minecraft:stone":91,"minecraft:white_wool":3,"minecraft:acacia_leaves":1,"minecraft:kelp_plant":1,"minecraft:crafting_table":9,"minecraft:torch":7,"minecraft:melon":13,"minecraft:chest":1,"minecraft:lectern":3,"minecraft:tall_grass":8,"minecraft:copper_ore":4,"minecraft:cobblestone":10,"minecraft:sugar_cane":17,"minecraft:oak_planks":4,"minecraft:diorite":2,"minecraft:wall_torch":2,"minecraft:yellow_wool":3,"minecraft:wheat":4,"minecraft:yellow_bed":6,"minecraft:grass":207,"minecraft:oak_log":28,"minecraft:coal_ore":54,"minecraft:dripstone_block":5,"minecraft:sand":4,"minecraft:dirt":39,"minecraft:gold_ore":5,"minecraft:oak_leaves":37,"minecraft:deepslate":15,"minecraft:fern":9},"minecraft:picked_up":{"minecraft:crafting_table":9,"chococraft:loverly_gysahl_green":4,"minecraft:wheat":3,"minecraft:azure_bluet":1,"minecraft:chicken":2,"minecraft:yellow_wool":3,"minecraft:wooden_pickaxe":1,"minecraft:raw_copper":14,"minecraft:cobbled_deepslate":14,"minecraft:beef":14,"minecraft:oak_boat":2,"minecraft:poppy":5,"minecraft:light_gray_wool":1,"minecraft:lectern":3,"minecraft:melon_slice":60,"minecraft:sugar_cane":32,"minecraft:chest":1,"minecraft:furnace":5,"minecraft:egg":1,"minecraft:stick":6,"minecraft:raw_iron":37,"minecraft:torch":9,"minecraft:acacia_log":2,"minecraft:porkchop":21,"minecraft:pointed_dripstone":2,"minecraft:diorite":2,"minecraft:carrot":13,"minecraft:rotten_flesh":4,"minecraft:stone_shovel":1,"minecraft:arrow":1,"minecraft:hay_block":61,"tropicraft:palm_log":15,"minecraft:mutton":14,"minecraft:cobblestone":97,"minecraft:white_wool":12,"minecraft:feather":2,"minecraft:andesite":9,"minecraft:water_bucket":1,"minecraft:jungle_log":41,"minecraft:leather":8,"minecraft:potato":5,"minecraft:tuff":19,"minecraft:oak_log":31,"minecraft:yellow_bed":6,"minecraft:dirt":559,"chococraft:gysahl_green":29,"minecraft:apple":1,"chococraft:gold_gysahl":1,"minecraft:kelp":6,"minecraft:wheat_seeds":66,"minecraft:raw_gold":5,"minecraft:iron_ingot":5,"minecraft:bamboo":20,"minecraft:acacia_sapling":1,"minecraft:oak_planks":3,"minecraft:book":36,"minecraft:cooked_porkchop":8,"minecraft:dandelion":4,"minecraft:raw_iron_block":1,"minecraft:dripstone_block":4,"minecraft:sand":4,"chococraft:gysahl_green_seeds":12,"minecraft:white_bed":7,"tropicraft:coconut":1,"minecraft:diamond":7,"minecraft:stone_axe":1,"minecraft:granite":13,"minecraft:oak_sapling":8,"minecraft:coal":89}},"DataVersion":3465}