{"stats":{"minecraft:broken":{"minecraft:stone_shovel":1},"minecraft:dropped":{"chococraft:loverly_gysahl_green":1,"minecraft:wheat_seeds":14,"chococraft:gold_gysahl":1,"minecraft:feather":2,"chococraft:gysahl_green_seeds":5,"minecraft:stick":1,"minecraft:dirt":3,"minecraft:wooden_axe":1,"minecraft:white_wool":7,"minecraft:raw_copper":14,"minecraft:tuff":6,"minecraft:stone_shovel":1,"minecraft:pointed_dripstone":2,"minecraft:rotten_flesh":4,"minecraft:light_gray_wool":1,"minecraft:poppy":1,"minecraft:jungle_log":6,"minecraft:oak_sapling":1,"minecraft:bamboo":6,"minecraft:wooden_pickaxe":2,"chococraft:gysahl_green":18,"minecraft:egg":1},"minecraft:custom":{"minecraft:mob_kills":28,"minecraft:interact_with_crafting_table":23,"minecraft:time_since_death":53084,"minecraft:climb_one_cm":16890,"minecraft:sprint_one_cm":349492,"minecraft:walk_one_cm":389899,"minecraft:drop":92,"minecraft:talked_to_villager":1,"minecraft:play_time":175754,"minecraft:deaths":3,"minecraft:sneak_time":17676,"minecraft:walk_under_water_one_cm":17430,"minecraft:boat_one_cm":156388,"minecraft:jump":2695,"minecraft:walk_on_water_one_cm":29243,"minecraft:total_world_time":175754,"minecraft:interact_with_furnace":40,"minecraft:sleep_in_bed":6,"minecraft:time_since_rest":13856,"minecraft:damage_taken":1663,"minecraft:damage_dealt":3348,"minecraft:swim_one_cm":45255,"minecraft:fly_one_cm":409482,"minecraft:player_kills":2,"minecraft:open_chest":13,"minecraft:crouch_one_cm":28431,"minecraft:fall_one_cm":67648},"minecraft:used":{"minecraft:stone_sword":49,"minecraft:stone_shovel":137,"minecraft:torch":9,"minecraft:dirt":116,"minecraft:tuff":7,"minecraft:granite":13,"minecraft:wooden_axe":43,"tropicraft:palm_log":4,"minecraft:iron_axe":33,"minecraft:furnace":5,"minecraft:stone_pickaxe":110,"minecraft:oak_planks":17,"minecraft:wooden_pickaxe":65,"minecraft:sugar_cane":7,"minecraft:crafting_table":10,"minecraft:white_bed":7,"minecraft:dripstone_block":3,"minecraft:melon_slice":32,"minecraft:bread":11,"minecraft:iron_pickaxe":125,"minecraft:stone_axe":43,"minecraft:cobblestone":39,"minecraft:cooked_porkchop":2,"minecraft:yellow_bed":6,"chococraft:gysahl_green":5,"minecraft:oak_boat":2},"minecraft:killed":{"minecraft:chicken":2,"minecraft:pig":6,"minecraft:sheep":9,"minecraft:zombie":4,"minecraft:cow":6},"minecraft:killed_by":{"minecraft:zombie":1},"minecraft:crafted":{"minecraft:oak_planks":72,"minecraft:raw_iron":9,"minecraft:stone_shovel":1,"minecraft:furnace":1,"minecraft:cooked_mutton":2,"minecraft:iron_boots":1,"minecraft:iron_axe":1,"minecraft:stone_pickaxe":2,"minecraft:wheat":162,"minecraft:cooked_porkchop":5,"minecraft:crafting_table":3,"minecraft:wooden_pickaxe":3,"minecraft:iron_helmet":1,"minecraft:iron_sword":1,"minecraft:bread":54,"minecraft:air":0,"minecraft:jungle_planks":24,"minecraft:oak_boat":1,"minecraft:iron_chestplate":1,"minecraft:shield":1,"minecraft:stick":32,"minecraft:iron_ingot":46,"minecraft:iron_pickaxe":1,"minecraft:wooden_axe":2,"minecraft:stone_sword":1,"minecraft:iron_leggings":1,"minecraft:gold_ingot":5,"minecraft:torch":8},"minecraft:mined":{"minecraft:tuff":13,"minecraft:white_bed":7,"minecraft:deepslate_diamond_ore":7,"minecraft:jungle_leaves":3,"minecraft:granite":15,"minecraft:grass_block":136,"minecraft:jungle_log":41,"minecraft:kelp":4,"minecraft:hay_block":18,"minecraft:raw_iron_block":1,"minecraft:furnace":5,"minecraft:carrots":1,"minecraft:iron_ore":10,"minecraft:andesite":10,"minecraft:azure_bluet":1,"minecraft:dirt_path":1,"minecraft:pointed_dripstone":2,"chococraft:gysahl_green":12,"tropicraft:palm_log":15,"minecraft:potatoes":1,"minecraft:vine":11,"minecraft:deepslate_iron_ore":28,"minecraft:bamboo":3,"minecraft:stone":91,"minecraft:kelp_plant":1,"minecraft:crafting_table":9,"minecraft:torch":7,"minecraft:melon":13,"minecraft:copper_ore":4,"minecraft:tall_grass":7,"minecraft:cobblestone":10,"minecraft:sugar_cane":7,"minecraft:oak_planks":1,"minecraft:diorite":2,"minecraft:wall_torch":2,"minecraft:wheat":4,"minecraft:yellow_bed":6,"minecraft:grass":68,"minecraft:oak_log":15,"minecraft:coal_ore":54,"minecraft:dripstone_block":5,"minecraft:dirt":20,"minecraft:gold_ore":5,"minecraft:oak_leaves":34,"minecraft:deepslate":15,"minecraft:fern":9},"minecraft:picked_up":{"minecraft:crafting_table":9,"chococraft:loverly_gysahl_green":4,"minecraft:wheat":3,"minecraft:chicken":2,"minecraft:wooden_pickaxe":1,"minecraft:raw_copper":14,"minecraft:cobbled_deepslate":14,"minecraft:beef":14,"minecraft:oak_boat":2,"minecraft:poppy":1,"minecraft:light_gray_wool":1,"minecraft:melon_slice":60,"minecraft:sugar_cane":19,"minecraft:furnace":5,"minecraft:egg":1,"minecraft:stick":2,"minecraft:raw_iron":37,"minecraft:torch":9,"minecraft:porkchop":13,"minecraft:pointed_dripstone":2,"minecraft:diorite":2,"minecraft:carrot":13,"minecraft:stone_shovel":1,"minecraft:arrow":1,"minecraft:rotten_flesh":4,"minecraft:hay_block":18,"tropicraft:palm_log":15,"minecraft:mutton":13,"minecraft:cobblestone":97,"minecraft:white_wool":8,"minecraft:feather":2,"minecraft:andesite":9,"minecraft:jungle_log":41,"minecraft:leather":8,"minecraft:potato":5,"minecraft:tuff":19,"minecraft:oak_log":18,"minecraft:yellow_bed":6,"minecraft:dirt":168,"chococraft:gysahl_green":29,"minecraft:kelp":6,"chococraft:gold_gysahl":1,"minecraft:wheat_seeds":23,"minecraft:raw_gold":5,"minecraft:bamboo":20,"minecraft:cooked_porkchop":8,"minecraft:raw_iron_block":1,"minecraft:dripstone_block":4,"chococraft:gysahl_green_seeds":12,"minecraft:white_bed":7,"tropicraft:coconut":1,"minecraft:diamond":7,"minecraft:stone_axe":1,"minecraft:granite":13,"minecraft:oak_sapling":1,"minecraft:coal":89}},"DataVersion":3465}