{"stats":{"minecraft:used":{"minecraft:wooden_axe":10,"minecraft:wooden_pickaxe":23,"minecraft:dirt":10,"minecraft:crafting_table":2},"minecraft:custom":{"minecraft:time_since_rest":4917,"minecraft:sprint_one_cm":22585,"minecraft:damage_taken":425,"minecraft:walk_one_cm":23816,"minecraft:mob_kills":1,"minecraft:damage_dealt":665,"minecraft:swim_one_cm":650,"minecraft:interact_with_crafting_table":4,"minecraft:fly_one_cm":13974,"minecraft:player_kills":2,"minecraft:crouch_one_cm":2943,"minecraft:play_time":13754,"minecraft:deaths":1,"minecraft:sneak_time":1054,"minecraft:walk_under_water_one_cm":1390,"minecraft:jump":176,"minecraft:time_since_death":4879,"minecraft:walk_on_water_one_cm":1501,"minecraft:climb_one_cm":2382,"minecraft:total_world_time":13754,"minecraft:fall_one_cm":4739},"minecraft:killed":{"minecraft:sheep":1},"minecraft:killed_by":{"minecraft:zombie":1},"minecraft:crafted":{"minecraft:oak_planks":36,"minecraft:crafting_table":2,"minecraft:stick":16,"minecraft:wooden_pickaxe":2,"minecraft:wooden_axe":1,"minecraft:furnace":1},"minecraft:mined":{"minecraft:crafting_table":1,"minecraft:grass":2,"minecraft:oak_log":9,"minecraft:coal_ore":3,"minecraft:vine":1,"minecraft:dirt":12,"minecraft:bamboo":2,"minecraft:stone":13,"minecraft:sugar_cane":4,"minecraft:oak_leaves":2,"minecraft:fern":2},"minecraft:picked_up":{"minecraft:crafting_table":1,"minecraft:oak_log":9,"minecraft:dirt":12,"minecraft:bamboo":14,"minecraft:sugar_cane":12,"minecraft:mutton":2,"minecraft:coal":3,"minecraft:white_wool":1,"minecraft:cobblestone":13}},"DataVersion":3465}