{"stats":{"minecraft:dropped":{"minecraft:raw_copper":14,"minecraft:pointed_dripstone":2,"minecraft:wooden_pickaxe":1},"minecraft:used":{"minecraft:stone_pickaxe":81,"minecraft:wooden_pickaxe":36,"minecraft:torch":4,"minecraft:dirt":13,"minecraft:crafting_table":3,"minecraft:dripstone_block":3,"minecraft:tuff":7,"minecraft:granite":13,"minecraft:wooden_axe":10,"minecraft:iron_pickaxe":115,"minecraft:cobblestone":18,"minecraft:furnace":1},"minecraft:custom":{"minecraft:interact_with_furnace":19,"minecraft:mob_kills":1,"minecraft:interact_with_crafting_table":8,"minecraft:time_since_death":28879,"minecraft:climb_one_cm":2382,"minecraft:time_since_rest":28917,"minecraft:sprint_one_cm":32728,"minecraft:damage_taken":455,"minecraft:walk_one_cm":49559,"minecraft:drop":17,"minecraft:damage_dealt":665,"minecraft:swim_one_cm":650,"minecraft:player_kills":2,"minecraft:fly_one_cm":15237,"minecraft:crouch_one_cm":19712,"minecraft:play_time":37754,"minecraft:deaths":1,"minecraft:sneak_time":12875,"minecraft:walk_under_water_one_cm":6883,"minecraft:jump":411,"minecraft:walk_on_water_one_cm":3779,"minecraft:total_world_time":37754,"minecraft:fall_one_cm":13358},"minecraft:killed":{"minecraft:sheep":1},"minecraft:killed_by":{"minecraft:zombie":1},"minecraft:crafted":{"minecraft:oak_planks":36,"minecraft:raw_iron":9,"minecraft:crafting_table":2,"minecraft:wooden_pickaxe":2,"minecraft:furnace":1,"minecraft:air":0,"minecraft:jungle_planks":24,"minecraft:stick":16,"minecraft:iron_ingot":4,"minecraft:iron_pickaxe":1,"minecraft:stone_pickaxe":1,"minecraft:wooden_axe":1,"minecraft:torch":8},"minecraft:mined":{"minecraft:tuff":13,"minecraft:deepslate_diamond_ore":7,"minecraft:crafting_table":2,"minecraft:torch":1,"minecraft:granite":15,"minecraft:jungle_log":6,"minecraft:copper_ore":4,"minecraft:cobblestone":3,"minecraft:sugar_cane":4,"minecraft:diorite":2,"minecraft:wall_torch":1,"minecraft:raw_iron_block":1,"minecraft:iron_ore":10,"minecraft:andesite":10,"minecraft:grass":2,"minecraft:coal_ore":41,"minecraft:pointed_dripstone":2,"minecraft:oak_log":9,"minecraft:deepslate_iron_ore":28,"minecraft:vine":3,"minecraft:dirt":13,"minecraft:dripstone_block":4,"minecraft:bamboo":2,"minecraft:stone":64,"minecraft:gold_ore":5,"minecraft:oak_leaves":2,"minecraft:deepslate":15,"minecraft:fern":2},"minecraft:picked_up":{"minecraft:crafting_table":2,"minecraft:jungle_log":6,"minecraft:andesite":9,"minecraft:wooden_pickaxe":1,"minecraft:tuff":13,"minecraft:oak_log":9,"minecraft:dirt":13,"minecraft:raw_copper":14,"minecraft:cobbled_deepslate":14,"minecraft:raw_gold":5,"minecraft:bamboo":14,"minecraft:sugar_cane":12,"minecraft:raw_iron":37,"minecraft:torch":2,"minecraft:raw_iron_block":1,"minecraft:dripstone_block":3,"minecraft:pointed_dripstone":2,"minecraft:diorite":2,"minecraft:diamond":7,"minecraft:granite":13,"minecraft:mutton":2,"minecraft:coal":39,"minecraft:white_wool":1,"minecraft:cobblestone":63}},"DataVersion":3465}