{"stats":{"minecraft:dropped":{"chococraft:loverly_gysahl_green":1,"minecraft:wheat_seeds":5,"chococraft:gold_gysahl":1,"minecraft:feather":2,"chococraft:gysahl_green_seeds":5,"minecraft:stick":1,"minecraft:dirt":2,"minecraft:wooden_axe":1,"minecraft:white_wool":7,"minecraft:raw_copper":14,"minecraft:tuff":6,"minecraft:pointed_dripstone":2,"minecraft:rotten_flesh":4,"minecraft:light_gray_wool":1,"minecraft:jungle_log":6,"minecraft:oak_sapling":1,"minecraft:bamboo":6,"minecraft:wooden_pickaxe":2,"chococraft:gysahl_green":6,"minecraft:egg":1},"minecraft:custom":{"minecraft:mob_kills":28,"minecraft:interact_with_crafting_table":21,"minecraft:time_since_death":29084,"minecraft:climb_one_cm":16890,"minecraft:sprint_one_cm":275275,"minecraft:walk_one_cm":308738,"minecraft:drop":68,"minecraft:talked_to_villager":1,"minecraft:play_time":151754,"minecraft:deaths":3,"minecraft:sneak_time":16862,"minecraft:walk_under_water_one_cm":15842,"minecraft:boat_one_cm":117054,"minecraft:jump":2207,"minecraft:walk_on_water_one_cm":21557,"minecraft:total_world_time":151754,"minecraft:interact_with_furnace":34,"minecraft:sleep_in_bed":4,"minecraft:time_since_rest":29191,"minecraft:damage_taken":1653,"minecraft:damage_dealt":3338,"minecraft:swim_one_cm":35094,"minecraft:fly_one_cm":285628,"minecraft:player_kills":2,"minecraft:open_chest":7,"minecraft:crouch_one_cm":24943,"minecraft:fall_one_cm":56871},"minecraft:used":{"minecraft:stone_sword":49,"minecraft:torch":9,"minecraft:dirt":23,"minecraft:tuff":7,"minecraft:granite":13,"minecraft:wooden_axe":43,"tropicraft:palm_log":4,"minecraft:iron_axe":33,"minecraft:furnace":3,"minecraft:stone_pickaxe":109,"minecraft:oak_planks":14,"minecraft:wooden_pickaxe":65,"minecraft:crafting_table":8,"minecraft:dripstone_block":3,"minecraft:melon_slice":32,"minecraft:bread":9,"minecraft:iron_pickaxe":125,"minecraft:stone_axe":39,"minecraft:cobblestone":39,"minecraft:yellow_bed":1,"chococraft:gysahl_green":3,"minecraft:oak_boat":2},"minecraft:killed":{"minecraft:chicken":2,"minecraft:pig":6,"minecraft:sheep":9,"minecraft:zombie":4,"minecraft:cow":6},"minecraft:killed_by":{"minecraft:zombie":1},"minecraft:crafted":{"minecraft:oak_planks":72,"minecraft:raw_iron":9,"minecraft:furnace":1,"minecraft:cooked_mutton":2,"minecraft:iron_boots":1,"minecraft:iron_axe":1,"minecraft:stone_pickaxe":2,"minecraft:wheat":162,"minecraft:cooked_porkchop":5,"minecraft:crafting_table":3,"minecraft:wooden_pickaxe":3,"minecraft:iron_helmet":1,"minecraft:iron_sword":1,"minecraft:bread":54,"minecraft:air":0,"minecraft:jungle_planks":24,"minecraft:oak_boat":1,"minecraft:iron_chestplate":1,"minecraft:shield":1,"minecraft:stick":32,"minecraft:iron_ingot":46,"minecraft:iron_pickaxe":1,"minecraft:wooden_axe":2,"minecraft:stone_sword":1,"minecraft:iron_leggings":1,"minecraft:gold_ingot":5,"minecraft:torch":8},"minecraft:mined":{"minecraft:tuff":13,"minecraft:deepslate_diamond_ore":7,"minecraft:jungle_leaves":3,"minecraft:granite":15,"minecraft:grass_block":4,"minecraft:jungle_log":41,"minecraft:kelp":4,"minecraft:hay_block":18,"minecraft:raw_iron_block":1,"minecraft:furnace":4,"minecraft:carrots":1,"minecraft:iron_ore":10,"minecraft:andesite":10,"minecraft:pointed_dripstone":2,"chococraft:gysahl_green":10,"tropicraft:palm_log":15,"minecraft:potatoes":1,"minecraft:vine":11,"minecraft:deepslate_iron_ore":28,"minecraft:bamboo":3,"minecraft:stone":91,"minecraft:kelp_plant":1,"minecraft:crafting_table":8,"minecraft:torch":7,"minecraft:melon":13,"minecraft:copper_ore":4,"minecraft:tall_grass":2,"minecraft:cobblestone":10,"minecraft:sugar_cane":4,"minecraft:oak_planks":1,"minecraft:diorite":2,"minecraft:wall_torch":2,"minecraft:wheat":4,"minecraft:yellow_bed":2,"minecraft:grass":40,"minecraft:oak_log":15,"minecraft:coal_ore":54,"minecraft:dripstone_block":5,"minecraft:dirt":17,"minecraft:gold_ore":5,"minecraft:oak_leaves":34,"minecraft:deepslate":15,"minecraft:fern":9},"minecraft:picked_up":{"minecraft:crafting_table":8,"chococraft:loverly_gysahl_green":3,"minecraft:wheat":3,"minecraft:chicken":2,"minecraft:wooden_pickaxe":1,"minecraft:raw_copper":14,"minecraft:cobbled_deepslate":14,"minecraft:beef":14,"minecraft:oak_boat":2,"minecraft:light_gray_wool":1,"minecraft:melon_slice":60,"minecraft:sugar_cane":12,"minecraft:furnace":4,"minecraft:egg":1,"minecraft:stick":2,"minecraft:raw_iron":37,"minecraft:torch":9,"minecraft:porkchop":13,"minecraft:pointed_dripstone":2,"minecraft:diorite":2,"minecraft:carrot":13,"minecraft:arrow":1,"minecraft:rotten_flesh":4,"minecraft:hay_block":18,"tropicraft:palm_log":15,"minecraft:mutton":13,"minecraft:cobblestone":97,"minecraft:white_wool":8,"minecraft:feather":2,"minecraft:andesite":9,"minecraft:jungle_log":41,"minecraft:leather":8,"minecraft:potato":5,"minecraft:tuff":19,"minecraft:oak_log":18,"minecraft:yellow_bed":2,"minecraft:dirt":27,"chococraft:gysahl_green":24,"minecraft:kelp":6,"chococraft:gold_gysahl":1,"minecraft:wheat_seeds":14,"minecraft:raw_gold":5,"minecraft:bamboo":20,"minecraft:raw_iron_block":1,"minecraft:dripstone_block":4,"chococraft:gysahl_green_seeds":10,"tropicraft:coconut":1,"minecraft:diamond":7,"minecraft:stone_axe":1,"minecraft:granite":13,"minecraft:oak_sapling":1,"minecraft:coal":79}},"DataVersion":3465}