{"stats":{"minecraft:broken":{"minecraft:stone_sword":1,"minecraft:stone_axe":1,"vanillaplustools:stone_shovel":2,"minecraft:stone_shovel":4},"minecraft:dropped":{"chococraft:loverly_gysahl_green":3,"minecraft:wheat_seeds":14,"chococraft:gold_gysahl":1,"minecraft:feather":2,"chococraft:gysahl_green_seeds":5,"minecraft:stick":1,"minecraft:dirt":4,"minecraft:wooden_axe":1,"minecraft:white_wool":7,"minecraft:dandelion":4,"minecraft:raw_copper":14,"minecraft:tuff":6,"minecraft:pointed_dripstone":2,"minecraft:stone_shovel":3,"minecraft:rotten_flesh":11,"minecraft:light_gray_wool":1,"minecraft:oak_planks":1,"minecraft:azure_bluet":1,"minecraft:poppy":2,"minecraft:jungle_log":6,"minecraft:oak_sapling":1,"minecraft:bamboo":6,"minecraft:wooden_pickaxe":2,"chococraft:gysahl_green":21,"minecraft:egg":1},"minecraft:custom":{"minecraft:mob_kills":52,"minecraft:interact_with_crafting_table":42,"minecraft:leave_game":2,"minecraft:time_since_death":25312,"minecraft:climb_one_cm":16890,"minecraft:sprint_one_cm":618188,"minecraft:walk_one_cm":683481,"minecraft:drop":111,"minecraft:talked_to_villager":1,"minecraft:play_time":270918,"minecraft:sneak_time":20070,"minecraft:deaths":4,"minecraft:walk_under_water_one_cm":19832,"minecraft:boat_one_cm":225280,"minecraft:jump":4267,"minecraft:walk_on_water_one_cm":37506,"minecraft:total_world_time":270918,"minecraft:interact_with_furnace":54,"minecraft:sleep_in_bed":17,"minecraft:time_since_rest":3206,"minecraft:damage_taken":2470,"minecraft:damage_dealt":8192,"minecraft:swim_one_cm":55893,"minecraft:player_kills":2,"minecraft:fly_one_cm":4647450,"minecraft:open_chest":31,"minecraft:crouch_one_cm":33502,"minecraft:fall_one_cm":94826,"minecraft:horse_one_cm":372503},"minecraft:used":{"camera:image_frame":2,"minecraft:stone_sword":145,"minecraft:stone_shovel":701,"minecraft:poppy":1,"minecraft:chest":5,"minecraft:torch":9,"minecraft:dirt":278,"minecraft:tuff":7,"minecraft:granite":13,"minecraft:wooden_axe":43,"tropicraft:palm_log":4,"minecraft:iron_axe":33,"minecraft:oak_sapling":9,"minecraft:furnace":5,"minecraft:water_bucket":1,"minecraft:stone_pickaxe":137,"minecraft:oak_planks":17,"minecraft:wooden_pickaxe":65,"minecraft:sugar_cane":20,"minecraft:sand":4,"minecraft:crafting_table":10,"vanillaplustools:stone_shovel":400,"minecraft:white_bed":8,"minecraft:dripstone_block":3,"minecraft:bread":30,"minecraft:melon_slice":32,"minecraft:iron_pickaxe":125,"minecraft:stone_axe":102,"minecraft:cobblestone":39,"minecraft:cooked_porkchop":4,"minecraft:bucket":1,"chococraft:gysahl_green":5,"minecraft:yellow_bed":6,"minecraft:oak_boat":5},"minecraft:killed":{"minecraft:spider":2,"minecraft:skeleton":5,"minecraft:chicken":2,"minecraft:pig":11,"minecraft:iron_golem":1,"minecraft:sheep":10,"minecraft:zombie":14,"minecraft:cow":6},"minecraft:killed_by":{"minecraft:creeper":1,"minecraft:zombie":1},"minecraft:crafted":{"minecraft:oak_planks":168,"minecraft:raw_iron":9,"minecraft:stone_shovel":33,"minecraft:furnace":1,"minecraft:cooked_mutton":11,"minecraft:iron_boots":1,"minecraft:iron_axe":1,"minecraft:stone_pickaxe":2,"minecraft:chest":4,"vanillaplustools:stone_shovel":3,"minecraft:wheat":162,"minecraft:cooked_porkchop":18,"minecraft:crafting_table":3,"minecraft:iron_helmet":1,"minecraft:wooden_pickaxe":3,"minecraft:iron_sword":1,"minecraft:stone_axe":1,"minecraft:bread":54,"minecraft:air":0,"minecraft:jungle_planks":24,"minecraft:oak_boat":1,"minecraft:iron_chestplate":1,"minecraft:shield":1,"minecraft:stick":172,"minecraft:iron_ingot":46,"minecraft:iron_pickaxe":1,"minecraft:wooden_axe":2,"minecraft:stone_sword":1,"minecraft:iron_leggings":1,"minecraft:gold_ingot":5,"minecraft:white_bed":1,"minecraft:acacia_planks":8,"minecraft:torch":8},"minecraft:mined":{"minecraft:tuff":13,"minecraft:white_bed":7,"minecraft:oak_sapling":2,"minecraft:deepslate_diamond_ore":7,"minecraft:jungle_leaves":3,"minecraft:granite":15,"minecraft:acacia_log":2,"minecraft:grass_block":1958,"minecraft:jungle_log":41,"minecraft:kelp":4,"minecraft:hay_block":61,"minecraft:raw_iron_block":1,"minecraft:furnace":5,"minecraft:carrots":1,"minecraft:iron_ore":10,"minecraft:andesite":10,"minecraft:azure_bluet":2,"tropicraft:palm_log":15,"chococraft:gysahl_green":12,"minecraft:bookshelf":12,"minecraft:pointed_dripstone":2,"minecraft:potatoes":1,"minecraft:deepslate_iron_ore":28,"minecraft:vine":11,"minecraft:dirt_path":23,"minecraft:bamboo":6,"minecraft:stone":118,"minecraft:white_wool":3,"minecraft:acacia_leaves":1,"minecraft:kelp_plant":1,"minecraft:crafting_table":9,"minecraft:torch":7,"minecraft:melon":13,"minecraft:chest":1,"minecraft:lectern":3,"minecraft:tall_grass":12,"minecraft:copper_ore":4,"minecraft:cobblestone":10,"minecraft:sugar_cane":17,"minecraft:oak_planks":4,"minecraft:diorite":2,"minecraft:wall_torch":2,"minecraft:yellow_wool":3,"minecraft:wheat":4,"minecraft:yellow_bed":6,"minecraft:grass":281,"minecraft:oak_log":39,"minecraft:coal_ore":54,"minecraft:dripstone_block":5,"minecraft:sand":4,"minecraft:dirt":933,"minecraft:gold_ore":5,"minecraft:oak_leaves":38,"minecraft:deepslate":15,"minecraft:fern":9},"minecraft:picked_up":{"minecraft:crafting_table":9,"chococraft:loverly_gysahl_green":4,"minecraft:wheat":3,"minecraft:azure_bluet":1,"minecraft:chicken":2,"minecraft:yellow_wool":3,"minecraft:wooden_pickaxe":1,"camera:camera":1,"minecraft:string":3,"minecraft:raw_copper":14,"camera:image_frame":2,"minecraft:cobbled_deepslate":14,"minecraft:beef":14,"minecraft:oak_boat":4,"minecraft:poppy":6,"minecraft:light_gray_wool":1,"minecraft:lectern":3,"minecraft:melon_slice":60,"minecraft:sugar_cane":32,"minecraft:chest":1,"minecraft:furnace":5,"minecraft:egg":1,"minecraft:stick":6,"minecraft:raw_iron":37,"minecraft:torch":9,"minecraft:acacia_log":2,"minecraft:porkchop":26,"minecraft:pointed_dripstone":2,"minecraft:diorite":2,"minecraft:carrot":13,"camera:album":1,"minecraft:rotten_flesh":13,"minecraft:stone_shovel":3,"minecraft:arrow":6,"minecraft:hay_block":61,"tropicraft:palm_log":15,"minecraft:mutton":14,"minecraft:white_wool":12,"minecraft:cobblestone":124,"minecraft:feather":2,"minecraft:andesite":9,"minecraft:water_bucket":1,"minecraft:jungle_log":41,"minecraft:leather":8,"minecraft:potato":5,"minecraft:tuff":19,"minecraft:oak_log":42,"minecraft:yellow_bed":6,"minecraft:gunpowder":1,"minecraft:dirt":2922,"minecraft:bone":9,"chococraft:gysahl_green":29,"minecraft:apple":2,"chococraft:gold_gysahl":1,"minecraft:kelp":6,"minecraft:bow":1,"minecraft:wheat_seeds":146,"minecraft:raw_gold":5,"minecraft:iron_ingot":5,"minecraft:bamboo":20,"minecraft:acacia_sapling":1,"minecraft:oak_planks":3,"minecraft:book":36,"minecraft:cooked_porkchop":8,"minecraft:dandelion":4,"minecraft:raw_iron_block":1,"minecraft:dripstone_block":4,"minecraft:sand":4,"chococraft:gysahl_green_seeds":12,"minecraft:white_bed":7,"tropicraft:coconut":1,"minecraft:diamond":7,"minecraft:stone_axe":1,"minecraft:granite":13,"minecraft:oak_sapling":12,"minecraft:coal":89}},"DataVersion":3465}