{"stats":{"minecraft:dropped":{"minecraft:wheat_seeds":4,"minecraft:raw_copper":14,"minecraft:tuff":6,"minecraft:pointed_dripstone":2,"minecraft:rotten_flesh":4,"minecraft:wooden_axe":1,"minecraft:oak_sapling":1,"minecraft:wooden_pickaxe":2},"minecraft:used":{"minecraft:stone_sword":34,"minecraft:stone_pickaxe":99,"minecraft:oak_planks":14,"minecraft:wooden_pickaxe":65,"minecraft:torch":9,"minecraft:dirt":23,"minecraft:crafting_table":8,"minecraft:dripstone_block":3,"minecraft:tuff":7,"minecraft:granite":13,"minecraft:wooden_axe":43,"tropicraft:palm_log":4,"minecraft:bread":7,"minecraft:iron_axe":33,"minecraft:melon_slice":32,"minecraft:iron_pickaxe":125,"minecraft:stone_axe":29,"minecraft:cobblestone":39,"minecraft:furnace":3,"minecraft:yellow_bed":1,"minecraft:oak_boat":2},"minecraft:custom":{"minecraft:interact_with_furnace":34,"minecraft:mob_kills":21,"minecraft:interact_with_crafting_table":21,"minecraft:time_since_death":65328,"minecraft:sleep_in_bed":4,"minecraft:climb_one_cm":15380,"minecraft:time_since_rest":4124,"minecraft:sprint_one_cm":205303,"minecraft:damage_taken":1383,"minecraft:walk_one_cm":260546,"minecraft:drop":34,"minecraft:damage_dealt":2718,"minecraft:talked_to_villager":1,"minecraft:swim_one_cm":27822,"minecraft:player_kills":2,"minecraft:fly_one_cm":195698,"minecraft:open_chest":6,"minecraft:crouch_one_cm":24622,"minecraft:play_time":115754,"minecraft:deaths":2,"minecraft:sneak_time":16531,"minecraft:walk_under_water_one_cm":13700,"minecraft:boat_one_cm":79650,"minecraft:jump":1786,"minecraft:walk_on_water_one_cm":17951,"minecraft:total_world_time":115754,"minecraft:fall_one_cm":45367},"minecraft:killed":{"minecraft:pig":6,"minecraft:sheep":5,"minecraft:zombie":4,"minecraft:chicken":2,"minecraft:cow":3},"minecraft:killed_by":{"minecraft:zombie":1},"minecraft:crafted":{"minecraft:oak_planks":72,"minecraft:raw_iron":9,"minecraft:cooked_porkchop":5,"minecraft:crafting_table":3,"minecraft:wooden_pickaxe":3,"minecraft:iron_helmet":1,"minecraft:iron_sword":1,"minecraft:furnace":1,"minecraft:bread":54,"minecraft:cooked_mutton":2,"minecraft:air":0,"minecraft:jungle_planks":24,"minecraft:oak_boat":1,"minecraft:iron_boots":1,"minecraft:iron_chestplate":1,"minecraft:shield":1,"minecraft:iron_axe":1,"minecraft:stone_sword":1,"minecraft:stick":32,"minecraft:iron_ingot":46,"minecraft:iron_pickaxe":1,"minecraft:stone_pickaxe":2,"minecraft:wooden_axe":2,"minecraft:gold_ingot":5,"minecraft:iron_leggings":1,"minecraft:torch":8,"minecraft:wheat":162},"minecraft:mined":{"minecraft:tuff":13,"minecraft:deepslate_diamond_ore":7,"minecraft:kelp_plant":1,"minecraft:jungle_leaves":3,"minecraft:crafting_table":7,"minecraft:torch":7,"minecraft:granite":15,"minecraft:grass_block":3,"minecraft:melon":13,"minecraft:jungle_log":35,"minecraft:copper_ore":4,"minecraft:cobblestone":10,"minecraft:oak_planks":1,"minecraft:kelp":4,"minecraft:sugar_cane":4,"minecraft:diorite":2,"minecraft:wall_torch":2,"minecraft:hay_block":18,"minecraft:raw_iron_block":1,"minecraft:furnace":3,"minecraft:carrots":1,"minecraft:iron_ore":10,"minecraft:wheat":4,"minecraft:andesite":10,"tropicraft:palm_log":15,"minecraft:yellow_bed":1,"minecraft:potatoes":1,"chococraft:gysahl_green":5,"minecraft:grass":22,"minecraft:coal_ore":45,"minecraft:pointed_dripstone":2,"minecraft:oak_log":15,"minecraft:deepslate_iron_ore":28,"minecraft:vine":8,"minecraft:dirt":17,"minecraft:dripstone_block":5,"minecraft:bamboo":2,"minecraft:stone":91,"minecraft:gold_ore":5,"minecraft:oak_leaves":33,"minecraft:deepslate":15,"minecraft:fern":8},"minecraft:picked_up":{"chococraft:loverly_gysahl_green":2,"minecraft:crafting_table":7,"minecraft:wheat":3,"minecraft:feather":2,"minecraft:chicken":2,"minecraft:jungle_log":29,"minecraft:andesite":9,"minecraft:leather":3,"minecraft:wooden_pickaxe":1,"minecraft:potato":5,"minecraft:tuff":19,"minecraft:oak_log":18,"minecraft:yellow_bed":1,"minecraft:dirt":25,"minecraft:raw_copper":14,"chococraft:gysahl_green":15,"minecraft:kelp":6,"minecraft:wheat_seeds":13,"minecraft:cobbled_deepslate":14,"minecraft:raw_gold":5,"minecraft:beef":8,"minecraft:oak_boat":2,"minecraft:light_gray_wool":1,"minecraft:melon_slice":60,"minecraft:bamboo":14,"minecraft:sugar_cane":12,"minecraft:furnace":3,"minecraft:stick":1,"minecraft:raw_iron":37,"minecraft:torch":9,"minecraft:raw_iron_block":1,"minecraft:dripstone_block":4,"minecraft:porkchop":13,"chococraft:gysahl_green_seeds":5,"minecraft:pointed_dripstone":2,"minecraft:diorite":2,"minecraft:carrot":13,"tropicraft:coconut":1,"minecraft:rotten_flesh":4,"minecraft:arrow":1,"minecraft:diamond":7,"minecraft:stone_axe":1,"minecraft:hay_block":18,"minecraft:granite":13,"tropicraft:palm_log":15,"minecraft:oak_sapling":1,"minecraft:mutton":8,"minecraft:coal":70,"minecraft:white_wool":4,"minecraft:cobblestone":97}},"DataVersion":3465}