{"stats":{"minecraft:dropped":{"minecraft:wheat_seeds":4,"minecraft:raw_copper":14,"minecraft:tuff":6,"minecraft:pointed_dripstone":2,"minecraft:oak_sapling":1,"minecraft:wooden_pickaxe":1},"minecraft:used":{"minecraft:stone_pickaxe":99,"minecraft:wooden_pickaxe":45,"minecraft:torch":9,"minecraft:dirt":14,"minecraft:crafting_table":5,"minecraft:dripstone_block":3,"minecraft:tuff":7,"minecraft:granite":13,"minecraft:wooden_axe":31,"minecraft:iron_axe":33,"minecraft:melon_slice":26,"minecraft:iron_pickaxe":125,"minecraft:cobblestone":39,"minecraft:furnace":1,"minecraft:oak_boat":1},"minecraft:custom":{"minecraft:interact_with_furnace":26,"minecraft:mob_kills":2,"minecraft:interact_with_crafting_table":14,"minecraft:time_since_death":29328,"minecraft:climb_one_cm":15380,"minecraft:time_since_rest":29351,"minecraft:sprint_one_cm":96670,"minecraft:damage_taken":1035,"minecraft:walk_one_cm":183135,"minecraft:drop":28,"minecraft:damage_dealt":751,"minecraft:swim_one_cm":24645,"minecraft:player_kills":2,"minecraft:fly_one_cm":72016,"minecraft:crouch_one_cm":22671,"minecraft:play_time":79754,"minecraft:deaths":2,"minecraft:sneak_time":14639,"minecraft:walk_under_water_one_cm":11423,"minecraft:boat_one_cm":14670,"minecraft:jump":1117,"minecraft:walk_on_water_one_cm":11228,"minecraft:total_world_time":79754,"minecraft:fall_one_cm":30506},"minecraft:killed":{"minecraft:sheep":2},"minecraft:killed_by":{"minecraft:zombie":1},"minecraft:crafted":{"minecraft:oak_planks":60,"minecraft:raw_iron":9,"minecraft:crafting_table":3,"minecraft:wooden_pickaxe":3,"minecraft:iron_helmet":1,"minecraft:iron_sword":1,"minecraft:furnace":1,"minecraft:air":0,"minecraft:jungle_planks":24,"minecraft:oak_boat":1,"minecraft:iron_boots":1,"minecraft:iron_chestplate":1,"minecraft:shield":1,"minecraft:iron_axe":1,"minecraft:stick":28,"minecraft:iron_ingot":46,"minecraft:iron_pickaxe":1,"minecraft:stone_pickaxe":1,"minecraft:wooden_axe":2,"minecraft:gold_ingot":5,"minecraft:iron_leggings":1,"minecraft:torch":8},"minecraft:mined":{"minecraft:tuff":13,"minecraft:deepslate_diamond_ore":7,"minecraft:jungle_leaves":3,"minecraft:crafting_table":5,"minecraft:torch":7,"minecraft:granite":15,"minecraft:grass_block":1,"minecraft:melon":9,"minecraft:jungle_log":35,"minecraft:copper_ore":4,"minecraft:cobblestone":10,"minecraft:sugar_cane":4,"minecraft:diorite":2,"minecraft:wall_torch":2,"minecraft:raw_iron_block":1,"minecraft:furnace":1,"minecraft:iron_ore":10,"minecraft:andesite":10,"chococraft:gysahl_green":1,"minecraft:grass":17,"minecraft:coal_ore":45,"minecraft:pointed_dripstone":2,"minecraft:oak_log":15,"minecraft:deepslate_iron_ore":28,"minecraft:vine":8,"minecraft:dirt":13,"minecraft:dripstone_block":5,"minecraft:bamboo":2,"minecraft:stone":80,"minecraft:gold_ore":5,"minecraft:oak_leaves":33,"minecraft:deepslate":15,"minecraft:fern":8},"minecraft:picked_up":{"minecraft:crafting_table":5,"minecraft:jungle_log":29,"minecraft:andesite":9,"minecraft:wooden_pickaxe":1,"minecraft:tuff":19,"minecraft:oak_log":15,"minecraft:dirt":14,"minecraft:raw_copper":14,"chococraft:gysahl_green":4,"minecraft:wheat_seeds":4,"minecraft:cobbled_deepslate":14,"minecraft:raw_gold":5,"minecraft:oak_boat":1,"minecraft:melon_slice":40,"minecraft:bamboo":14,"minecraft:sugar_cane":12,"minecraft:furnace":1,"minecraft:stick":1,"minecraft:raw_iron":37,"minecraft:torch":9,"minecraft:raw_iron_block":1,"minecraft:dripstone_block":4,"chococraft:gysahl_green_seeds":1,"minecraft:pointed_dripstone":2,"minecraft:diorite":2,"minecraft:diamond":7,"minecraft:granite":13,"minecraft:oak_sapling":1,"minecraft:mutton":4,"minecraft:coal":70,"minecraft:white_wool":2,"minecraft:cobblestone":86}},"DataVersion":3465}