{"stats":{"minecraft:broken":{"minecraft:stone_pickaxe":1},"minecraft:dropped":{"minecraft:wooden_pickaxe":1},"minecraft:used":{"minecraft:wooden_axe":12,"minecraft:stone_sword":9,"minecraft:melon_slice":10,"minecraft:stone_pickaxe":150,"minecraft:wooden_pickaxe":23,"minecraft:torch":5,"minecraft:cobblestone":1,"minecraft:dirt":16,"minecraft:crafting_table":3,"minecraft:furnace":2},"minecraft:custom":{"minecraft:time_since_rest":36141,"minecraft:interact_with_furnace":5,"minecraft:sprint_one_cm":27133,"minecraft:damage_taken":160,"minecraft:walk_one_cm":68500,"minecraft:mob_kills":4,"minecraft:drop":1,"minecraft:damage_dealt":523,"minecraft:swim_one_cm":186,"minecraft:interact_with_crafting_table":15,"minecraft:fly_one_cm":38761,"minecraft:play_time":36141,"minecraft:sneak_time":20,"minecraft:walk_under_water_one_cm":221,"minecraft:jump":428,"minecraft:leave_game":5,"minecraft:time_since_death":36141,"minecraft:walk_on_water_one_cm":1162,"minecraft:climb_one_cm":2419,"minecraft:total_world_time":36141,"minecraft:fall_one_cm":7743},"minecraft:killed":{"minecraft:cow":4},"minecraft:crafted":{"minecraft:cooked_beef":2,"minecraft:oak_planks":20,"minecraft:shield":1,"minecraft:crafting_table":1,"minecraft:stick":20,"minecraft:iron_pickaxe":1,"minecraft:iron_ingot":5,"minecraft:wooden_pickaxe":1,"minecraft:stone_pickaxe":3,"minecraft:wooden_axe":1,"minecraft:stone_sword":1,"minecraft:furnace":1,"minecraft:torch":12,"minecraft:air":0,"minecraft:jungle_planks":12},"minecraft:picked_up":{"minecraft:raw_iron":5,"minecraft:crafting_table":2,"minecraft:jungle_log":3,"minecraft:leather":3,"minecraft:oak_log":5,"minecraft:dirt":27,"minecraft:beef":9,"minecraft:bamboo":9,"minecraft:melon_slice":73,"minecraft:sugar_cane":3,"minecraft:coal":13,"minecraft:cobblestone":138,"minecraft:furnace":1},"minecraft:mined":{"minecraft:podzol":5,"minecraft:furnace":1,"minecraft:iron_ore":5,"minecraft:jungle_leaves":4,"minecraft:crafting_table":2,"minecraft:grass":12,"minecraft:grass_block":5,"minecraft:coal_ore":13,"minecraft:oak_log":5,"minecraft:melon":14,"minecraft:vine":1,"minecraft:jungle_log":3,"minecraft:dirt":17,"minecraft:stone":138,"minecraft:sugar_cane":1,"minecraft:fern":2}},"DataVersion":3465}