{"stats":{"minecraft:broken":{"minecraft:stone_pickaxe":5},"minecraft:dropped":{"minecraft:stone_axe":1,"minecraft:stone_sword":1,"minecraft:wheat":1,"minecraft:cobblestone":11,"minecraft:wooden_pickaxe":1},"minecraft:custom":{"minecraft:interact_with_furnace":8,"minecraft:mob_kills":9,"minecraft:animals_bred":1,"minecraft:interact_with_crafting_table":37,"minecraft:leave_game":6,"minecraft:time_since_death":124409,"minecraft:sleep_in_bed":3,"minecraft:climb_one_cm":11788,"minecraft:time_since_rest":4124,"minecraft:sprint_one_cm":174914,"minecraft:damage_taken":339,"minecraft:walk_one_cm":338041,"minecraft:drop":5,"minecraft:damage_dealt":943,"minecraft:swim_one_cm":3937,"minecraft:talked_to_villager":3,"minecraft:fly_one_cm":179474,"minecraft:open_chest":18,"minecraft:play_time":124409,"minecraft:sneak_time":88,"minecraft:walk_under_water_one_cm":2997,"minecraft:boat_one_cm":9728,"minecraft:jump":1553,"minecraft:walk_on_water_one_cm":12470,"minecraft:total_world_time":124409,"minecraft:fall_one_cm":24100},"minecraft:used":{"minecraft:oak_fence":14,"minecraft:water_bucket":7,"minecraft:stone_sword":9,"minecraft:cobblestone_stairs":38,"minecraft:stone_shovel":102,"minecraft:stone_pickaxe":727,"minecraft:jungle_fence":19,"minecraft:chest":3,"minecraft:wooden_pickaxe":23,"minecraft:sugar_cane":7,"minecraft:jungle_boat":1,"minecraft:torch":23,"minecraft:dirt":28,"minecraft:crafting_table":4,"minecraft:white_bed":2,"minecraft:oak_log":3,"minecraft:wooden_axe":13,"minecraft:jungle_fence_gate":2,"minecraft:melon_slice":38,"minecraft:iron_pickaxe":122,"minecraft:stone_axe":125,"minecraft:cobblestone":66,"minecraft:furnace":3,"minecraft:oak_sapling":1,"minecraft:bucket":8},"minecraft:killed":{"minecraft:sheep":4,"minecraft:cow":5},"minecraft:crafted":{"minecraft:cooked_beef":2,"minecraft:jungle_fence_gate":1,"minecraft:oak_planks":40,"minecraft:stone_shovel":1,"minecraft:crafting_table":1,"minecraft:jungle_boat":1,"minecraft:wooden_pickaxe":1,"minecraft:furnace":1,"minecraft:cobblestone_stairs":32,"minecraft:bucket":1,"minecraft:stone_axe":2,"minecraft:air":0,"minecraft:jungle_planks":84,"minecraft:shield":1,"minecraft:stick":56,"minecraft:iron_ingot":10,"minecraft:iron_pickaxe":1,"minecraft:stone_pickaxe":6,"minecraft:wooden_axe":1,"minecraft:stone_sword":1,"minecraft:chest":3,"minecraft:white_bed":1,"minecraft:jungle_fence":18,"minecraft:torch":16,"minecraft:oak_fence":12,"minecraft:wheat":63},"minecraft:picked_up":{"minecraft:iron_chestplate":1,"minecraft:crafting_table":3,"minecraft:jungle_boat":1,"minecraft:jungle_log":52,"minecraft:leather":3,"minecraft:jungle_fence":1,"minecraft:oak_log":29,"minecraft:brewing_stand":1,"minecraft:cobblestone_stairs":6,"minecraft:dirt":126,"minecraft:wheat_seeds":7,"minecraft:beef":11,"minecraft:light_gray_wool":1,"minecraft:bamboo":9,"minecraft:melon_slice":73,"minecraft:sugar_cane":7,"minecraft:iron_boots":1,"minecraft:egg":5,"minecraft:furnace":2,"minecraft:stick":2,"minecraft:raw_iron":10,"minecraft:oak_fence":3,"minecraft:torch":10,"minecraft:jungle_fence_gate":1,"minecraft:white_bed":1,"minecraft:mossy_cobblestone":2,"gobber2:gobber2_foo":1,"minecraft:arrow":1,"minecraft:hay_block":7,"minecraft:granite":4,"minecraft:mutton":7,"minecraft:coal":16,"minecraft:white_wool":3,"minecraft:cobblestone":794},"minecraft:mined":{"minecraft:podzol":5,"minecraft:white_bed":1,"minecraft:mossy_cobblestone":2,"minecraft:cobblestone_stairs":6,"minecraft:jungle_leaves":6,"minecraft:brewing_stand":1,"minecraft:oak_fence":3,"minecraft:crafting_table":3,"minecraft:granite":5,"minecraft:grass_block":60,"minecraft:melon":14,"gobber2:gobber2_lucky_block":1,"minecraft:jungle_log":53,"minecraft:tall_grass":4,"minecraft:cobblestone":45,"minecraft:sugar_cane":5,"minecraft:wall_torch":10,"minecraft:hay_block":7,"minecraft:furnace":2,"minecraft:iron_ore":10,"minecraft:jungle_fence":1,"minecraft:grass":46,"minecraft:oak_log":29,"minecraft:coal_ore":16,"minecraft:vine":14,"minecraft:dirt":61,"minecraft:stone":752,"minecraft:oak_leaves":3,"minecraft:jungle_fence_gate":1,"minecraft:fern":4}},"DataVersion":3465}