{"stats":{"minecraft:broken":{"minecraft:stone_pickaxe":3},"minecraft:dropped":{"minecraft:stone_sword":1,"minecraft:wooden_pickaxe":1},"minecraft:used":{"minecraft:stone_sword":9,"minecraft:cobblestone_stairs":38,"minecraft:stone_shovel":23,"minecraft:stone_pickaxe":428,"minecraft:chest":2,"minecraft:wooden_pickaxe":23,"minecraft:jungle_boat":1,"minecraft:torch":22,"minecraft:dirt":16,"minecraft:crafting_table":4,"minecraft:white_bed":1,"minecraft:wooden_axe":12,"minecraft:melon_slice":20,"minecraft:iron_pickaxe":115,"minecraft:stone_axe":53,"minecraft:cobblestone":37,"minecraft:furnace":3,"minecraft:oak_sapling":1},"minecraft:custom":{"minecraft:interact_with_furnace":8,"minecraft:mob_kills":9,"minecraft:interact_with_crafting_table":26,"minecraft:leave_game":6,"minecraft:time_since_death":70409,"minecraft:sleep_in_bed":1,"minecraft:climb_one_cm":3799,"minecraft:time_since_rest":20874,"minecraft:sprint_one_cm":80328,"minecraft:damage_taken":200,"minecraft:walk_one_cm":155284,"minecraft:drop":2,"minecraft:damage_dealt":943,"minecraft:swim_one_cm":186,"minecraft:talked_to_villager":3,"minecraft:fly_one_cm":98397,"minecraft:open_chest":9,"minecraft:play_time":70409,"minecraft:sneak_time":20,"minecraft:walk_under_water_one_cm":1699,"minecraft:boat_one_cm":1980,"minecraft:jump":886,"minecraft:walk_on_water_one_cm":6832,"minecraft:total_world_time":70409,"minecraft:fall_one_cm":15504},"minecraft:killed":{"minecraft:sheep":4,"minecraft:cow":5},"minecraft:crafted":{"minecraft:cooked_beef":2,"minecraft:oak_planks":20,"minecraft:stone_shovel":1,"minecraft:crafting_table":1,"minecraft:jungle_boat":1,"minecraft:wooden_pickaxe":1,"minecraft:furnace":1,"minecraft:cobblestone_stairs":32,"minecraft:stone_axe":1,"minecraft:air":0,"minecraft:jungle_planks":84,"minecraft:shield":1,"minecraft:stick":24,"minecraft:iron_ingot":10,"minecraft:iron_pickaxe":1,"minecraft:stone_pickaxe":4,"minecraft:wooden_axe":1,"minecraft:stone_sword":1,"minecraft:chest":2,"minecraft:white_bed":1,"minecraft:torch":16},"minecraft:picked_up":{"minecraft:crafting_table":3,"minecraft:jungle_log":21,"minecraft:leather":3,"minecraft:oak_log":5,"minecraft:brewing_stand":1,"minecraft:cobblestone_stairs":6,"minecraft:dirt":60,"minecraft:wheat_seeds":3,"minecraft:beef":11,"minecraft:light_gray_wool":1,"minecraft:bamboo":9,"minecraft:melon_slice":73,"minecraft:sugar_cane":3,"minecraft:egg":5,"minecraft:furnace":2,"minecraft:raw_iron":10,"minecraft:torch":10,"minecraft:mossy_cobblestone":2,"gobber2:gobber2_foo":1,"minecraft:granite":4,"minecraft:mutton":7,"minecraft:coal":13,"minecraft:white_wool":3,"minecraft:cobblestone":494},"minecraft:mined":{"minecraft:podzol":5,"minecraft:mossy_cobblestone":2,"minecraft:cobblestone_stairs":6,"minecraft:jungle_leaves":4,"minecraft:brewing_stand":1,"minecraft:crafting_table":3,"minecraft:granite":5,"minecraft:grass_block":10,"minecraft:melon":14,"gobber2:gobber2_lucky_block":1,"minecraft:jungle_log":21,"minecraft:cobblestone":33,"minecraft:sugar_cane":1,"minecraft:wall_torch":10,"minecraft:furnace":2,"minecraft:iron_ore":10,"minecraft:grass":29,"minecraft:oak_log":5,"minecraft:coal_ore":13,"minecraft:vine":6,"minecraft:dirt":45,"minecraft:stone":463,"minecraft:fern":4}},"DataVersion":3465}