{"stats":{"minecraft:broken":{"minecraft:stone_pickaxe":3},"minecraft:dropped":{"minecraft:stone_sword":1,"minecraft:wooden_pickaxe":1},"minecraft:used":{"minecraft:stone_sword":9,"minecraft:cobblestone_stairs":38,"minecraft:stone_shovel":23,"minecraft:stone_pickaxe":395,"minecraft:wooden_pickaxe":23,"minecraft:torch":20,"minecraft:dirt":16,"minecraft:crafting_table":4,"minecraft:white_bed":1,"minecraft:wooden_axe":12,"minecraft:melon_slice":16,"minecraft:iron_pickaxe":34,"minecraft:stone_axe":50,"minecraft:cobblestone":26,"minecraft:oak_sapling":1,"minecraft:furnace":3},"minecraft:custom":{"minecraft:interact_with_furnace":8,"minecraft:mob_kills":9,"minecraft:interact_with_crafting_table":22,"minecraft:leave_game":5,"minecraft:time_since_death":60141,"minecraft:sleep_in_bed":1,"minecraft:climb_one_cm":3799,"minecraft:time_since_rest":10606,"minecraft:sprint_one_cm":66365,"minecraft:damage_taken":200,"minecraft:walk_one_cm":126444,"minecraft:drop":2,"minecraft:damage_dealt":943,"minecraft:swim_one_cm":186,"minecraft:talked_to_villager":2,"minecraft:fly_one_cm":89196,"minecraft:open_chest":5,"minecraft:play_time":60141,"minecraft:sneak_time":20,"minecraft:walk_under_water_one_cm":681,"minecraft:jump":827,"minecraft:walk_on_water_one_cm":2073,"minecraft:total_world_time":60141,"minecraft:fall_one_cm":14759},"minecraft:killed":{"minecraft:sheep":4,"minecraft:cow":5},"minecraft:crafted":{"minecraft:cooked_beef":2,"minecraft:oak_planks":20,"minecraft:stone_shovel":1,"minecraft:crafting_table":1,"minecraft:wooden_pickaxe":1,"minecraft:furnace":1,"minecraft:cobblestone_stairs":32,"minecraft:stone_axe":1,"minecraft:air":0,"minecraft:jungle_planks":12,"minecraft:shield":1,"minecraft:stick":20,"minecraft:iron_ingot":10,"minecraft:stone_pickaxe":3,"minecraft:iron_pickaxe":1,"minecraft:wooden_axe":1,"minecraft:stone_sword":1,"minecraft:white_bed":1,"minecraft:torch":12},"minecraft:picked_up":{"minecraft:crafting_table":3,"minecraft:jungle_log":18,"minecraft:leather":3,"minecraft:oak_log":5,"minecraft:cobblestone_stairs":6,"minecraft:dirt":59,"minecraft:wheat_seeds":3,"minecraft:beef":11,"minecraft:light_gray_wool":1,"minecraft:bamboo":9,"minecraft:melon_slice":73,"minecraft:sugar_cane":3,"minecraft:furnace":2,"minecraft:egg":5,"minecraft:raw_iron":10,"minecraft:torch":8,"minecraft:mossy_cobblestone":2,"gobber2:gobber2_foo":1,"minecraft:mutton":7,"minecraft:coal":13,"minecraft:white_wool":3,"minecraft:cobblestone":389},"minecraft:mined":{"minecraft:podzol":5,"minecraft:mossy_cobblestone":2,"minecraft:cobblestone_stairs":6,"minecraft:jungle_leaves":4,"minecraft:crafting_table":3,"minecraft:grass_block":10,"minecraft:melon":14,"gobber2:gobber2_lucky_block":1,"minecraft:jungle_log":18,"minecraft:cobblestone":20,"minecraft:sugar_cane":1,"minecraft:wall_torch":8,"minecraft:furnace":2,"minecraft:iron_ore":10,"minecraft:grass":29,"minecraft:oak_log":5,"minecraft:coal_ore":13,"minecraft:vine":6,"minecraft:dirt":44,"minecraft:stone":370,"minecraft:fern":4}},"DataVersion":3465}