{"stats":{"minecraft:broken":{"minecraft:stone_pickaxe":5},"minecraft:dropped":{"minecraft:stone_axe":1,"minecraft:stone_sword":1,"minecraft:cobblestone":11,"minecraft:wooden_pickaxe":1},"minecraft:custom":{"minecraft:interact_with_furnace":8,"minecraft:mob_kills":9,"minecraft:interact_with_crafting_table":36,"minecraft:leave_game":6,"minecraft:time_since_death":100409,"minecraft:sleep_in_bed":2,"minecraft:climb_one_cm":6327,"minecraft:time_since_rest":8011,"minecraft:sprint_one_cm":124713,"minecraft:damage_taken":210,"minecraft:walk_one_cm":234694,"minecraft:drop":4,"minecraft:damage_dealt":943,"minecraft:swim_one_cm":186,"minecraft:talked_to_villager":3,"minecraft:fly_one_cm":138315,"minecraft:open_chest":15,"minecraft:play_time":100409,"minecraft:sneak_time":46,"minecraft:walk_under_water_one_cm":1996,"minecraft:boat_one_cm":9728,"minecraft:jump":1190,"minecraft:walk_on_water_one_cm":8617,"minecraft:total_world_time":100409,"minecraft:fall_one_cm":20081},"minecraft:used":{"minecraft:oak_fence":12,"minecraft:water_bucket":7,"minecraft:stone_sword":9,"minecraft:cobblestone_stairs":38,"minecraft:stone_shovel":102,"minecraft:stone_pickaxe":672,"minecraft:jungle_fence":19,"minecraft:chest":2,"minecraft:wooden_pickaxe":23,"minecraft:sugar_cane":6,"minecraft:jungle_boat":1,"minecraft:torch":22,"minecraft:dirt":28,"minecraft:crafting_table":4,"minecraft:white_bed":1,"minecraft:wooden_axe":13,"minecraft:jungle_fence_gate":1,"minecraft:melon_slice":25,"minecraft:iron_pickaxe":122,"minecraft:stone_axe":61,"minecraft:cobblestone":53,"minecraft:furnace":3,"minecraft:oak_sapling":1,"minecraft:bucket":7},"minecraft:killed":{"minecraft:sheep":4,"minecraft:cow":5},"minecraft:crafted":{"minecraft:cooked_beef":2,"minecraft:jungle_fence_gate":1,"minecraft:oak_planks":40,"minecraft:stone_shovel":1,"minecraft:crafting_table":1,"minecraft:jungle_boat":1,"minecraft:wooden_pickaxe":1,"minecraft:furnace":1,"minecraft:cobblestone_stairs":32,"minecraft:bucket":1,"minecraft:stone_axe":2,"minecraft:air":0,"minecraft:jungle_planks":84,"minecraft:shield":1,"minecraft:stick":56,"minecraft:iron_ingot":10,"minecraft:iron_pickaxe":1,"minecraft:stone_pickaxe":6,"minecraft:wooden_axe":1,"minecraft:stone_sword":1,"minecraft:chest":2,"minecraft:white_bed":1,"minecraft:jungle_fence":18,"minecraft:torch":16,"minecraft:oak_fence":12,"minecraft:wheat":63},"minecraft:picked_up":{"minecraft:crafting_table":3,"minecraft:jungle_log":21,"minecraft:leather":3,"minecraft:jungle_fence":1,"minecraft:oak_log":10,"minecraft:brewing_stand":1,"minecraft:cobblestone_stairs":6,"minecraft:dirt":126,"minecraft:wheat_seeds":7,"minecraft:beef":11,"minecraft:light_gray_wool":1,"minecraft:bamboo":9,"minecraft:melon_slice":73,"minecraft:sugar_cane":6,"minecraft:egg":5,"minecraft:furnace":2,"minecraft:raw_iron":10,"minecraft:oak_fence":1,"minecraft:torch":10,"minecraft:white_bed":1,"minecraft:mossy_cobblestone":2,"gobber2:gobber2_foo":1,"minecraft:arrow":1,"minecraft:hay_block":7,"minecraft:granite":4,"minecraft:mutton":7,"minecraft:coal":16,"minecraft:white_wool":3,"minecraft:cobblestone":741},"minecraft:mined":{"minecraft:podzol":5,"minecraft:white_bed":1,"minecraft:mossy_cobblestone":2,"minecraft:cobblestone_stairs":6,"minecraft:jungle_leaves":4,"minecraft:brewing_stand":1,"minecraft:oak_fence":1,"minecraft:crafting_table":3,"minecraft:granite":5,"minecraft:grass_block":60,"minecraft:melon":14,"gobber2:gobber2_lucky_block":1,"minecraft:jungle_log":22,"minecraft:cobblestone":39,"minecraft:sugar_cane":4,"minecraft:wall_torch":10,"minecraft:hay_block":7,"minecraft:furnace":2,"minecraft:iron_ore":10,"minecraft:jungle_fence":1,"minecraft:grass":43,"minecraft:oak_log":10,"minecraft:coal_ore":16,"minecraft:vine":7,"minecraft:dirt":61,"minecraft:stone":703,"minecraft:fern":4}},"DataVersion":3465}