{"stats":{"minecraft:broken":{"minecraft:stone_pickaxe":1},"minecraft:dropped":{"minecraft:stone_sword":1,"minecraft:wooden_pickaxe":1},"minecraft:used":{"minecraft:stone_sword":9,"minecraft:stone_shovel":16,"minecraft:stone_pickaxe":240,"minecraft:wooden_pickaxe":23,"minecraft:torch":12,"minecraft:dirt":16,"minecraft:crafting_table":4,"minecraft:white_bed":1,"minecraft:wooden_axe":12,"minecraft:melon_slice":14,"minecraft:iron_pickaxe":10,"minecraft:stone_axe":27,"minecraft:cobblestone":8,"minecraft:oak_sapling":1,"minecraft:furnace":2},"minecraft:custom":{"minecraft:interact_with_furnace":8,"minecraft:mob_kills":9,"minecraft:interact_with_crafting_table":19,"minecraft:leave_game":5,"minecraft:time_since_death":48141,"minecraft:climb_one_cm":3255,"minecraft:time_since_rest":48141,"minecraft:sprint_one_cm":56906,"minecraft:damage_taken":200,"minecraft:walk_one_cm":97667,"minecraft:drop":2,"minecraft:damage_dealt":943,"minecraft:swim_one_cm":186,"minecraft:talked_to_villager":1,"minecraft:fly_one_cm":77509,"minecraft:open_chest":4,"minecraft:play_time":48141,"minecraft:sneak_time":20,"minecraft:walk_under_water_one_cm":221,"minecraft:jump":700,"minecraft:walk_on_water_one_cm":1162,"minecraft:total_world_time":48141,"minecraft:fall_one_cm":12847},"minecraft:killed":{"minecraft:sheep":4,"minecraft:cow":5},"minecraft:crafted":{"minecraft:cooked_beef":2,"minecraft:oak_planks":20,"minecraft:stone_shovel":1,"minecraft:crafting_table":1,"minecraft:wooden_pickaxe":1,"minecraft:furnace":1,"minecraft:stone_axe":1,"minecraft:air":0,"minecraft:jungle_planks":12,"minecraft:shield":1,"minecraft:stick":20,"minecraft:iron_ingot":10,"minecraft:stone_pickaxe":3,"minecraft:iron_pickaxe":1,"minecraft:wooden_axe":1,"minecraft:stone_sword":1,"minecraft:white_bed":1,"minecraft:torch":12},"minecraft:picked_up":{"minecraft:crafting_table":3,"minecraft:jungle_log":3,"minecraft:leather":3,"minecraft:oak_log":5,"minecraft:cobblestone_stairs":3,"minecraft:dirt":52,"minecraft:wheat_seeds":2,"minecraft:beef":11,"minecraft:light_gray_wool":1,"minecraft:bamboo":9,"minecraft:melon_slice":73,"minecraft:sugar_cane":3,"minecraft:furnace":2,"minecraft:egg":5,"minecraft:raw_iron":10,"minecraft:torch":5,"minecraft:mossy_cobblestone":2,"gobber2:gobber2_foo":1,"minecraft:mutton":7,"minecraft:coal":13,"minecraft:white_wool":3,"minecraft:cobblestone":216},"minecraft:mined":{"minecraft:podzol":5,"minecraft:mossy_cobblestone":2,"minecraft:cobblestone_stairs":3,"minecraft:jungle_leaves":4,"minecraft:crafting_table":3,"minecraft:grass_block":8,"minecraft:melon":14,"gobber2:gobber2_lucky_block":1,"minecraft:jungle_log":3,"minecraft:cobblestone":10,"minecraft:sugar_cane":1,"minecraft:wall_torch":5,"minecraft:furnace":2,"minecraft:iron_ore":10,"minecraft:grass":26,"minecraft:oak_log":5,"minecraft:coal_ore":13,"minecraft:vine":1,"minecraft:dirt":39,"minecraft:stone":206,"minecraft:fern":4}},"DataVersion":3465}