{"stats":{"minecraft:used":{"minecraft:wooden_axe":5,"minecraft:crafting_table":1,"minecraft:melon_slice":1},"minecraft:custom":{"minecraft:time_since_rest":12141,"minecraft:sprint_one_cm":532,"minecraft:play_time":12141,"minecraft:damage_taken":130,"minecraft:walk_one_cm":11675,"minecraft:sneak_time":20,"minecraft:walk_under_water_one_cm":221,"minecraft:jump":47,"minecraft:damage_dealt":48,"minecraft:walk_on_water_one_cm":1162,"minecraft:leave_game":5,"minecraft:time_since_death":12141,"minecraft:total_world_time":12141,"minecraft:climb_one_cm":1903,"minecraft:swim_one_cm":186,"minecraft:fall_one_cm":1712,"minecraft:interact_with_crafting_table":2,"minecraft:fly_one_cm":675},"minecraft:crafted":{"minecraft:crafting_table":1,"minecraft:stick":4,"minecraft:wooden_pickaxe":1,"minecraft:jungle_planks":12,"minecraft:wooden_axe":1},"minecraft:picked_up":{"minecraft:crafting_table":1,"minecraft:jungle_log":3,"minecraft:sugar_cane":3,"minecraft:melon_slice":9},"minecraft:mined":{"minecraft:grass":2,"minecraft:melon":2,"minecraft:jungle_log":3,"minecraft:jungle_leaves":4,"minecraft:sugar_cane":1,"minecraft:fern":1,"minecraft:crafting_table":1}},"DataVersion":3465}