{"stats":{"minecraft:custom":{"minecraft:time_since_rest":71473,"minecraft:crouch_one_cm":268,"minecraft:sprint_one_cm":6840,"minecraft:play_time":71473,"minecraft:damage_taken":285,"minecraft:walk_one_cm":27598,"minecraft:sneak_time":500,"minecraft:mob_kills":1,"minecraft:jump":150,"minecraft:damage_dealt":201,"minecraft:leave_game":9,"minecraft:walk_on_water_one_cm":198,"minecraft:time_since_death":71473,"minecraft:climb_one_cm":3859,"minecraft:total_world_time":71473,"minecraft:fall_one_cm":5252,"minecraft:fly_one_cm":158448},"minecraft:used":{"minecraft:netherite_sword":3,"twilightforest:mosquito_swarm_spawn_egg":1,"securitycraft:mine":2,"minecraft:cooked_mutton":4,"chococraft:yellow_chocobo_spawn_egg":3,"tropicraft:tropicreeper_spawn_egg":1,"tropicraft:white_lipped_peccary_spawn_egg":14,"minecraft:sand":1,"tropicraft:ashen_mask_horn_monkey":1,"minecraft:cactus":1,"tropicraft:fiddler_crab_spawn_egg":1},"minecraft:killed":{"minecraft:husk":1},"minecraft:mined":{"minecraft:cactus":1,"minecraft:sand":1,"minecraft:jungle_leaves":18,"minecraft:oak_leaves":1},"minecraft:picked_up":{"minecraft:cactus":3,"minecraft:rotten_flesh":1,"minecraft:sand":1,"chococraft:chocobo_feather":1}},"DataVersion":3465}