{"stats":{"minecraft:used":{"twilightforest:mosquito_swarm_spawn_egg":1,"securitycraft:mine":2,"minecraft:cooked_mutton":1,"chococraft:yellow_chocobo_spawn_egg":3,"tropicraft:tropicreeper_spawn_egg":1,"tropicraft:white_lipped_peccary_spawn_egg":14,"tropicraft:ashen_mask_horn_monkey":1,"tropicraft:fiddler_crab_spawn_egg":1},"minecraft:custom":{"minecraft:time_since_rest":56369,"minecraft:crouch_one_cm":266,"minecraft:sprint_one_cm":5546,"minecraft:play_time":56369,"minecraft:damage_taken":30,"minecraft:walk_one_cm":17061,"minecraft:sneak_time":493,"minecraft:jump":108,"minecraft:leave_game":8,"minecraft:walk_on_water_one_cm":198,"minecraft:time_since_death":56369,"minecraft:climb_one_cm":3761,"minecraft:total_world_time":56369,"minecraft:fall_one_cm":2767,"minecraft:fly_one_cm":150622},"minecraft:mined":{"minecraft:jungle_leaves":8,"minecraft:oak_leaves":1}},"DataVersion":3465}