{"stats":{"minecraft:used":{"minecraft:cooked_mutton":8,"minecraft:netherite_sword":3,"twilightforest:squirrel_spawn_egg":11,"minecraft:red_sand":1,"tropicraft:ashen_mask_horn_monkey":1,"minecraft:bread":2,"twilightforest:quest_ram_spawn_egg":2,"minecraft:cactus":3,"tropicraft:tropi_spider_spawn_egg":1,"tropicraft:fiddler_crab_spawn_egg":1,"twilightforest:mist_wolf_spawn_egg":2,"twilightforest:mosquito_swarm_spawn_egg":1,"securitycraft:mine":2,"chococraft:yellow_chocobo_spawn_egg":3,"tropicraft:tropicreeper_spawn_egg":1,"tropicraft:white_lipped_peccary_spawn_egg":14,"minecraft:sand":36,"twilightforest:pinch_beetle_spawn_egg":1,"twilightforest:penguin_spawn_egg":1,"twilightforest:slime_beetle_spawn_egg":3},"minecraft:custom":{"minecraft:time_since_rest":104003,"minecraft:sprint_one_cm":54217,"minecraft:damage_taken":505,"minecraft:walk_one_cm":70880,"minecraft:mob_kills":2,"minecraft:damage_dealt":387,"minecraft:swim_one_cm":7904,"minecraft:fly_one_cm":393385,"minecraft:open_chest":2,"minecraft:crouch_one_cm":596,"minecraft:play_time":104003,"minecraft:sneak_time":727,"minecraft:walk_under_water_one_cm":876,"minecraft:jump":461,"minecraft:leave_game":9,"minecraft:time_since_death":104003,"minecraft:walk_on_water_one_cm":1138,"minecraft:total_world_time":104003,"minecraft:climb_one_cm":3859,"minecraft:fall_one_cm":16445,"minecraft:horse_one_cm":1581},"minecraft:killed":{"twilightforest:squirrel":1,"minecraft:husk":1},"minecraft:mined":{"minecraft:lime_bed":1,"minecraft:cactus":2,"minecraft:jungle_leaves":20,"minecraft:red_sand":1,"minecraft:dead_bush":14,"minecraft:sand":38,"minecraft:oak_leaves":1},"minecraft:picked_up":{"minecraft:lime_bed":1,"minecraft:stick":17,"minecraft:sand":38,"chococraft:chocobo_feather":1,"minecraft:cactus":5,"minecraft:rotten_flesh":1,"minecraft:red_sand":1,"minecraft:rabbit_hide":2,"minecraft:rabbit":3}},"DataVersion":3465}