{"stats":{"minecraft:custom":{"minecraft:time_since_rest":92003,"minecraft:crouch_one_cm":268,"minecraft:sprint_one_cm":14342,"minecraft:play_time":92003,"minecraft:damage_taken":355,"minecraft:walk_one_cm":42740,"minecraft:sneak_time":582,"minecraft:mob_kills":2,"minecraft:jump":176,"minecraft:damage_dealt":387,"minecraft:leave_game":9,"minecraft:walk_on_water_one_cm":198,"minecraft:time_since_death":92003,"minecraft:climb_one_cm":3859,"minecraft:total_world_time":92003,"minecraft:fall_one_cm":6688,"minecraft:fly_one_cm":275031},"minecraft:used":{"tropicraft:white_lipped_peccary_spawn_egg":14,"chococraft:yellow_chocobo_spawn_egg":3,"twilightforest:mosquito_swarm_spawn_egg":1,"securitycraft:mine":2,"minecraft:cooked_mutton":8,"tropicraft:tropicreeper_spawn_egg":1,"tropicraft:ashen_mask_horn_monkey":1,"minecraft:sand":1,"twilightforest:pinch_beetle_spawn_egg":1,"twilightforest:penguin_spawn_egg":1,"twilightforest:quest_ram_spawn_egg":2,"tropicraft:tropi_spider_spawn_egg":1,"minecraft:cactus":3,"tropicraft:fiddler_crab_spawn_egg":1,"twilightforest:mist_wolf_spawn_egg":2,"twilightforest:slime_beetle_spawn_egg":3,"twilightforest:squirrel_spawn_egg":11,"minecraft:netherite_sword":3},"minecraft:killed":{"minecraft:husk":1,"twilightforest:squirrel":1},"minecraft:mined":{"minecraft:cactus":2,"minecraft:sand":1,"minecraft:jungle_leaves":20,"minecraft:oak_leaves":1},"minecraft:picked_up":{"chococraft:chocobo_feather":1,"minecraft:cactus":5,"minecraft:rotten_flesh":1,"minecraft:sand":1}},"DataVersion":3465}