{"stats":{"minecraft:dropped":{"minecraft:stone_axe":1,"minecraft:wheat_seeds":1,"minecraft:mud_brick_slab":1,"minecraft:rotten_flesh":3,"minecraft:yellow_terracotta":1,"minecraft:rabbit_hide":2,"minecraft:mud_bricks":10,"minecraft:yellow_glazed_terracotta":1,"minecraft:stone_pickaxe":1,"minecraft:white_wool":4},"minecraft:custom":{"minecraft:interact_with_furnace":5,"minecraft:mob_kills":12,"minecraft:animals_bred":1,"minecraft:interact_with_crafting_table":9,"minecraft:leave_game":9,"minecraft:time_since_death":170003,"minecraft:sleep_in_bed":2,"minecraft:climb_one_cm":17876,"minecraft:time_since_rest":36529,"minecraft:sprint_one_cm":167135,"minecraft:damage_taken":1340,"minecraft:walk_one_cm":209770,"minecraft:drop":16,"minecraft:damage_dealt":1952,"minecraft:swim_one_cm":11021,"minecraft:fly_one_cm":533975,"minecraft:open_chest":2,"minecraft:crouch_one_cm":596,"minecraft:play_time":170003,"minecraft:sneak_time":945,"minecraft:walk_under_water_one_cm":7551,"minecraft:jump":1496,"minecraft:walk_on_water_one_cm":11394,"minecraft:total_world_time":170003,"minecraft:fall_one_cm":37756,"minecraft:horse_one_cm":1581},"minecraft:used":{"minecraft:cooked_mutton":8,"twilightforest:squirrel_spawn_egg":11,"chococraft:black_chocobo_spawn_egg":3,"minecraft:netherite_sword":3,"gobber2:gobber2_goo":1,"minecraft:red_sand":1,"tropicraft:ashen_mask_horn_monkey":1,"minecraft:stone_pickaxe":29,"minecraft:cactus":3,"minecraft:iron_sword":79,"tropicraft:fiddler_crab_spawn_egg":1,"twilightforest:mist_wolf_spawn_egg":2,"minecraft:rotten_flesh":2,"twilightforest:mosquito_swarm_spawn_egg":1,"minecraft:torch":10,"tropicraft:white_lipped_peccary_spawn_egg":14,"minecraft:dirt":2,"minecraft:sand":36,"minecraft:lime_bed":1,"minecraft:crafting_table":2,"twilightforest:penguin_spawn_egg":1,"minecraft:iron_axe":1,"minecraft:melon_slice":24,"minecraft:bread":2,"twilightforest:quest_ram_spawn_egg":2,"minecraft:iron_pickaxe":98,"tropicraft:tropi_spider_spawn_egg":1,"gobber2:gobber2_gooey_beef":1,"securitycraft:mine":2,"minecraft:stone_axe":38,"chococraft:yellow_chocobo_spawn_egg":3,"tropicraft:tropicreeper_spawn_egg":1,"minecraft:cobblestone":13,"twilightforest:pinch_beetle_spawn_egg":1,"minecraft:furnace":2,"minecraft:cooked_rabbit":7,"minecraft:bucket":11,"chococraft:gysahl_green":6,"minecraft:egg":5,"minecraft:water_bucket":10,"twilightforest:slime_beetle_spawn_egg":3},"minecraft:killed":{"twilightforest:squirrel":1,"minecraft:husk":2,"tropicraft:white_lipped_peccary":1,"minecraft:phantom":1,"minecraft:sheep":3,"minecraft:zombie":4},"minecraft:crafted":{"minecraft:oak_planks":20,"minecraft:crafting_table":1,"minecraft:iron_sword":1,"minecraft:furnace":1,"minecraft:bucket":1,"minecraft:iron_axe":1,"minecraft:iron_ingot":10,"minecraft:iron_pickaxe":1,"minecraft:torch":4},"minecraft:mined":{"minecraft:yellow_terracotta":1,"minecraft:mud_brick_slab":1,"minecraft:jungle_leaves":25,"minecraft:dandelion":2,"minecraft:crafting_table":2,"minecraft:torch":4,"minecraft:red_sand":1,"minecraft:poppy":4,"minecraft:grass_block":2,"minecraft:melon":8,"gobber2:gobber2_lucky_block":17,"minecraft:dead_bush":17,"minecraft:lapis_ore":1,"minecraft:mud_bricks":5,"minecraft:sugar_cane":4,"minecraft:diorite":1,"minecraft:wall_torch":3,"minecraft:red_terracotta":12,"minecraft:cactus":2,"minecraft:lime_bed":2,"minecraft:blue_terracotta":19,"minecraft:furnace":2,"minecraft:iron_ore":11,"tropicraft:pineapple":1,"minecraft:yellow_glazed_terracotta":1,"minecraft:coal_ore":10,"minecraft:grass":22,"chococraft:gysahl_green":15,"minecraft:oak_log":5,"minecraft:vine":2,"minecraft:sand":38,"minecraft:bamboo":1,"minecraft:stone":32,"minecraft:oak_leaves":14,"minecraft:fern":7},"minecraft:picked_up":{"minecraft:mud_bricks":10,"minecraft:mud_brick_slab":1,"minecraft:crafting_table":2,"minecraft:lime_bed":2,"chococraft:loverly_gysahl_green":2,"minecraft:yellow_glazed_terracotta":2,"minecraft:oak_log":5,"minecraft:lapis_lazuli":7,"minecraft:dirt":2,"chococraft:chocobo_feather":4,"chococraft:gysahl_green":27,"gobber2:gobber2_gooey_beef":8,"minecraft:wheat_seeds":7,"minecraft:red_sand":1,"minecraft:rabbit_hide":2,"minecraft:iron_ingot":1,"minecraft:poppy":4,"minecraft:rabbit":3,"minecraft:bamboo":18,"minecraft:melon_slice":40,"minecraft:sugar_cane":14,"gobber2:gobber2_gooey_bread":4,"minecraft:phantom_membrane":1,"minecraft:furnace":2,"minecraft:egg":5,"minecraft:stick":18,"minecraft:raw_iron":12,"minecraft:torch":7,"minecraft:dandelion":2,"minecraft:sand":38,"chococraft:gysahl_green_seeds":11,"minecraft:diorite":1,"minecraft:red_terracotta":11,"gobber2:gobber2_foo":3,"minecraft:blue_terracotta":17,"minecraft:cactus":5,"minecraft:rotten_flesh":6,"minecraft:tropical_fish":1,"minecraft:yellow_terracotta":2,"gobber2:gobber2_goo":1,"minecraft:mutton":5,"minecraft:coal":18,"minecraft:white_wool":5,"minecraft:cobblestone":30}},"DataVersion":3465}