{"stats":{"minecraft:dropped":{"minecraft:wheat_seeds":1,"minecraft:mud_brick_slab":1,"minecraft:yellow_terracotta":1,"minecraft:mud_bricks":10,"minecraft:yellow_glazed_terracotta":1,"minecraft:white_wool":4},"minecraft:custom":{"minecraft:interact_with_furnace":5,"minecraft:mob_kills":12,"minecraft:animals_bred":1,"minecraft:interact_with_crafting_table":9,"minecraft:leave_game":9,"minecraft:time_since_death":152003,"minecraft:sleep_in_bed":2,"minecraft:climb_one_cm":16342,"minecraft:time_since_rest":18529,"minecraft:sprint_one_cm":152516,"minecraft:damage_taken":1180,"minecraft:walk_one_cm":184743,"minecraft:drop":12,"minecraft:damage_dealt":1912,"minecraft:swim_one_cm":10887,"minecraft:fly_one_cm":516541,"minecraft:open_chest":2,"minecraft:crouch_one_cm":596,"minecraft:play_time":152003,"minecraft:sneak_time":732,"minecraft:walk_under_water_one_cm":3200,"minecraft:jump":1269,"minecraft:walk_on_water_one_cm":8801,"minecraft:total_world_time":152003,"minecraft:fall_one_cm":34253,"minecraft:horse_one_cm":1581},"minecraft:used":{"minecraft:cooked_mutton":8,"twilightforest:squirrel_spawn_egg":11,"chococraft:black_chocobo_spawn_egg":3,"minecraft:netherite_sword":3,"minecraft:red_sand":1,"tropicraft:ashen_mask_horn_monkey":1,"minecraft:stone_pickaxe":29,"minecraft:cactus":3,"minecraft:iron_sword":70,"tropicraft:fiddler_crab_spawn_egg":1,"twilightforest:mist_wolf_spawn_egg":2,"minecraft:rotten_flesh":2,"twilightforest:mosquito_swarm_spawn_egg":1,"minecraft:torch":5,"tropicraft:white_lipped_peccary_spawn_egg":14,"minecraft:dirt":2,"minecraft:sand":36,"minecraft:lime_bed":1,"minecraft:crafting_table":2,"twilightforest:penguin_spawn_egg":1,"minecraft:iron_axe":1,"minecraft:melon_slice":22,"minecraft:bread":2,"twilightforest:quest_ram_spawn_egg":2,"minecraft:iron_pickaxe":77,"tropicraft:tropi_spider_spawn_egg":1,"securitycraft:mine":2,"minecraft:stone_axe":38,"chococraft:yellow_chocobo_spawn_egg":3,"tropicraft:tropicreeper_spawn_egg":1,"minecraft:cobblestone":13,"twilightforest:pinch_beetle_spawn_egg":1,"minecraft:furnace":2,"minecraft:cooked_rabbit":7,"minecraft:bucket":5,"minecraft:egg":5,"minecraft:water_bucket":4,"twilightforest:slime_beetle_spawn_egg":3},"minecraft:killed":{"twilightforest:squirrel":1,"minecraft:husk":2,"tropicraft:white_lipped_peccary":1,"minecraft:phantom":1,"minecraft:sheep":3,"minecraft:zombie":4},"minecraft:crafted":{"minecraft:oak_planks":20,"minecraft:crafting_table":1,"minecraft:iron_sword":1,"minecraft:furnace":1,"minecraft:bucket":1,"minecraft:iron_axe":1,"minecraft:iron_ingot":10,"minecraft:iron_pickaxe":1,"minecraft:torch":4},"minecraft:mined":{"minecraft:yellow_terracotta":1,"minecraft:mud_brick_slab":1,"minecraft:jungle_leaves":25,"minecraft:dandelion":2,"minecraft:crafting_table":2,"minecraft:torch":2,"minecraft:red_sand":1,"minecraft:poppy":4,"minecraft:grass_block":2,"minecraft:melon":8,"minecraft:dead_bush":17,"minecraft:lapis_ore":1,"minecraft:mud_bricks":5,"minecraft:sugar_cane":4,"minecraft:wall_torch":2,"minecraft:red_terracotta":12,"minecraft:cactus":2,"minecraft:lime_bed":2,"minecraft:blue_terracotta":19,"minecraft:furnace":2,"minecraft:iron_ore":11,"tropicraft:pineapple":1,"minecraft:yellow_glazed_terracotta":1,"minecraft:coal_ore":10,"minecraft:grass":21,"chococraft:gysahl_green":12,"minecraft:oak_log":5,"minecraft:vine":2,"minecraft:sand":38,"minecraft:bamboo":1,"minecraft:stone":29,"minecraft:oak_leaves":14,"minecraft:fern":4},"minecraft:picked_up":{"minecraft:mud_bricks":10,"minecraft:mud_brick_slab":1,"minecraft:crafting_table":2,"minecraft:lime_bed":2,"chococraft:loverly_gysahl_green":2,"minecraft:yellow_glazed_terracotta":2,"minecraft:oak_log":5,"minecraft:lapis_lazuli":7,"minecraft:dirt":2,"chococraft:chocobo_feather":4,"chococraft:gysahl_green":21,"minecraft:wheat_seeds":6,"minecraft:red_sand":1,"minecraft:rabbit_hide":2,"minecraft:iron_ingot":1,"minecraft:poppy":4,"minecraft:rabbit":3,"minecraft:bamboo":4,"minecraft:melon_slice":40,"minecraft:sugar_cane":14,"minecraft:phantom_membrane":1,"minecraft:furnace":2,"minecraft:egg":5,"minecraft:stick":18,"minecraft:raw_iron":12,"minecraft:torch":4,"minecraft:dandelion":2,"minecraft:sand":38,"chococraft:gysahl_green_seeds":10,"minecraft:red_terracotta":11,"minecraft:blue_terracotta":17,"minecraft:cactus":5,"minecraft:rotten_flesh":6,"minecraft:yellow_terracotta":2,"minecraft:mutton":5,"minecraft:coal":18,"minecraft:white_wool":5,"minecraft:cobblestone":28}},"DataVersion":3465}