{"stats":{"minecraft:dropped":{"minecraft:stone_axe":1,"minecraft:wheat_seeds":1,"minecraft:mud_brick_slab":1,"gobber2:gobber2_foo":6,"minecraft:mossy_cobblestone":1,"minecraft:rotten_flesh":4,"minecraft:yellow_terracotta":1,"minecraft:rabbit_hide":2,"minecraft:mud_bricks":10,"minecraft:diorite":1,"minecraft:yellow_glazed_terracotta":1,"minecraft:phantom_membrane":1,"minecraft:stone_pickaxe":1,"minecraft:white_wool":4},"minecraft:custom":{"minecraft:interact_with_furnace":5,"minecraft:mob_kills":15,"minecraft:animals_bred":1,"minecraft:interact_with_crafting_table":9,"minecraft:leave_game":9,"minecraft:time_since_death":182003,"minecraft:sleep_in_bed":3,"minecraft:climb_one_cm":18803,"minecraft:time_since_rest":8228,"minecraft:sprint_one_cm":177784,"minecraft:damage_taken":1650,"minecraft:walk_one_cm":238113,"minecraft:drop":22,"minecraft:damage_dealt":2551,"minecraft:swim_one_cm":11021,"minecraft:fly_one_cm":597042,"minecraft:open_chest":3,"minecraft:crouch_one_cm":596,"minecraft:play_time":182003,"minecraft:sneak_time":945,"minecraft:walk_under_water_one_cm":19023,"minecraft:jump":1680,"minecraft:walk_on_water_one_cm":16478,"minecraft:total_world_time":182003,"minecraft:fall_one_cm":41699,"minecraft:horse_one_cm":1581},"minecraft:used":{"minecraft:cooked_mutton":8,"twilightforest:squirrel_spawn_egg":11,"chococraft:black_chocobo_spawn_egg":3,"minecraft:netherite_sword":3,"gobber2:gobber2_goo":1,"minecraft:red_sand":1,"tropicraft:ashen_mask_horn_monkey":1,"minecraft:stone_pickaxe":29,"minecraft:oak_planks":2,"minecraft:cactus":3,"minecraft:iron_sword":105,"tropicraft:fiddler_crab_spawn_egg":1,"twilightforest:mist_wolf_spawn_egg":2,"minecraft:rotten_flesh":2,"twilightforest:mosquito_swarm_spawn_egg":1,"minecraft:torch":10,"tropicraft:white_lipped_peccary_spawn_egg":14,"minecraft:dirt":2,"minecraft:sand":36,"minecraft:lime_bed":2,"minecraft:crafting_table":2,"twilightforest:penguin_spawn_egg":1,"minecraft:iron_axe":1,"minecraft:melon_slice":30,"minecraft:bread":2,"twilightforest:quest_ram_spawn_egg":2,"minecraft:iron_pickaxe":125,"tropicraft:tropi_spider_spawn_egg":1,"gobber2:gobber2_gooey_beef":1,"securitycraft:mine":2,"minecraft:stone_axe":38,"chococraft:yellow_chocobo_spawn_egg":3,"tropicraft:tropicreeper_spawn_egg":1,"minecraft:cobblestone":13,"twilightforest:pinch_beetle_spawn_egg":1,"minecraft:furnace":2,"minecraft:cooked_rabbit":7,"minecraft:bucket":33,"chococraft:gysahl_green":6,"minecraft:egg":5,"minecraft:water_bucket":32,"twilightforest:slime_beetle_spawn_egg":3},"minecraft:killed":{"twilightforest:squirrel":1,"minecraft:husk":2,"tropicraft:white_lipped_peccary":1,"minecraft:phantom":1,"minecraft:sheep":3,"minecraft:zombie":7},"minecraft:crafted":{"minecraft:oak_planks":20,"minecraft:crafting_table":1,"minecraft:iron_sword":1,"minecraft:furnace":1,"minecraft:bucket":1,"minecraft:iron_axe":1,"minecraft:iron_ingot":10,"minecraft:iron_pickaxe":1,"minecraft:torch":4},"minecraft:mined":{"minecraft:yellow_terracotta":1,"minecraft:mud_brick_slab":1,"minecraft:mossy_cobblestone":5,"minecraft:jungle_leaves":25,"minecraft:dandelion":2,"minecraft:crafting_table":2,"minecraft:torch":4,"minecraft:red_sand":1,"minecraft:poppy":4,"minecraft:grass_block":3,"minecraft:melon":14,"gobber2:gobber2_lucky_block":17,"minecraft:dead_bush":17,"minecraft:redstone_wire":2,"minecraft:cobblestone":3,"minecraft:lapis_ore":1,"minecraft:mud_bricks":5,"minecraft:sugar_cane":4,"minecraft:diorite":1,"minecraft:chiseled_stone_bricks":3,"minecraft:wall_torch":3,"minecraft:repeater":1,"minecraft:red_terracotta":12,"minecraft:cactus":2,"minecraft:lime_bed":3,"minecraft:blue_terracotta":19,"minecraft:furnace":2,"minecraft:sticky_piston":3,"minecraft:iron_ore":11,"tropicraft:pineapple":1,"minecraft:yellow_glazed_terracotta":1,"minecraft:coal_ore":10,"minecraft:grass":23,"chococraft:gysahl_green":15,"minecraft:oak_log":5,"minecraft:vine":2,"minecraft:sand":38,"minecraft:dirt":2,"minecraft:bamboo":3,"minecraft:stone":40,"minecraft:oak_leaves":16,"minecraft:fern":8},"minecraft:picked_up":{"minecraft:mud_bricks":10,"minecraft:mud_brick_slab":1,"minecraft:crafting_table":2,"minecraft:lime_bed":3,"chococraft:loverly_gysahl_green":2,"minecraft:yellow_glazed_terracotta":2,"minecraft:oak_log":5,"minecraft:lapis_lazuli":7,"minecraft:dirt":5,"minecraft:sticky_piston":3,"chococraft:chocobo_feather":4,"chococraft:gysahl_green":27,"gobber2:gobber2_gooey_beef":8,"minecraft:wheat_seeds":7,"minecraft:red_sand":1,"minecraft:rabbit_hide":2,"minecraft:iron_ingot":1,"minecraft:poppy":4,"minecraft:rabbit":3,"minecraft:bamboo":37,"minecraft:melon_slice":74,"minecraft:sugar_cane":14,"gobber2:gobber2_gooey_bread":4,"minecraft:phantom_membrane":2,"minecraft:furnace":2,"minecraft:egg":5,"minecraft:stick":18,"minecraft:raw_iron":12,"minecraft:torch":7,"minecraft:dandelion":2,"minecraft:sand":38,"chococraft:gysahl_green_seeds":11,"minecraft:diorite":2,"minecraft:redstone":1,"minecraft:red_terracotta":11,"minecraft:mossy_cobblestone":2,"gobber2:gobber2_foo":9,"minecraft:blue_terracotta":17,"minecraft:cactus":5,"minecraft:rotten_flesh":7,"minecraft:tropical_fish":1,"minecraft:yellow_terracotta":2,"gobber2:gobber2_goo":1,"minecraft:mutton":5,"minecraft:coal":18,"minecraft:white_wool":5,"minecraft:cobblestone":41}},"DataVersion":3465}