{"stats":{"minecraft:picked_up":{"chococraft:loverly_gysahl_green":6,"minecraft:diamond_sword":1,"minecraft:stone_brick_stairs":3,"minecraft:string":22,"minecraft:smooth_stone_slab":12,"minecraft:iron_leggings":1,"minecraft:sticky_piston":3,"minecraft:cobbled_deepslate":19,"minecraft:red_sand":1,"minecraft:cobblestone_slab":3,"minecraft:iron_pickaxe":1,"minecraft:melon_slice":74,"minecraft:iron_boots":1,"minecraft:furnace":2,"minecraft:stick":41,"chococraft:chocobo_saddle_bags":1,"minecraft:oak_fence":4,"minecraft:torch":25,"minecraft:acacia_log":4,"twilightforest:cracked_etched_nagastone":2,"minecraft:diorite":2,"gobber2:gobber2_foo":14,"minecraft:cactus":5,"minecraft:rotten_flesh":16,"minecraft:tropical_fish":2,"twilightforest:hydra_trophy":1,"chococraft:chocobo_drumstick_raw":2,"minecraft:obsidian":1,"twilightforest:ice_bow":1,"minecraft:snowball":4,"minecraft:cobblestone":94,"minecraft:repeater":1,"minecraft:magma_cream":1,"twilightforest:twilight_oak_log":10,"minecraft:andesite":9,"minecraft:tuff":1,"twilightforest:mossy_nagastone_pillar":5,"minecraft:lapis_lazuli":52,"minecraft:dirt":57,"minecraft:bone":10,"gobber2:gobber2_gooey_beef":9,"minecraft:wheat_seeds":26,"minecraft:raw_gold":4,"minecraft:diamond_helmet":1,"minecraft:rabbit":3,"minecraft:mossy_stone_bricks":2,"minecraft:bamboo":37,"minecraft:oak_planks":26,"minecraft:mossy_stone_brick_stairs":6,"gobber2:gobber2_gooey_bread":8,"minecraft:sand":38,"minecraft:red_terracotta":11,"minecraft:mossy_cobblestone":11,"minecraft:blue_terracotta":17,"minecraft:diamond":12,"minecraft:lever":1,"minecraft:cracked_polished_blackstone_bricks":20,"minecraft:granite":3,"minecraft:bread":7,"gobber2:gobber2_goo":5,"minecraft:diamond_pickaxe":1,"minecraft:mud_brick_slab":1,"minecraft:crafting_table":5,"minecraft:azure_bluet":1,"minecraft:gold_block":13,"twilightforest:nagastone":9,"twilightforest:hydra_spawn_egg":1,"minecraft:flint_and_steel":1,"twilightforest:hydra_chop":5,"minecraft:blackstone":1,"minecraft:cracked_stone_bricks":6,"minecraft:mossy_cobblestone_wall":3,"minecraft:oak_boat":1,"minecraft:poppy":9,"minecraft:sugar_cane":14,"minecraft:phantom_membrane":2,"minecraft:egg":5,"minecraft:raw_iron":16,"twilightforest:twilight_oak_chest":2,"minecraft:polished_blackstone_bricks":27,"minecraft:redstone":10,"twilightforest:firefly":9,"minecraft:arrow":33,"minecraft:diamond_chestplate":1,"twilightforest:etched_nagastone":1,"minecraft:yellow_terracotta":2,"minecraft:saddle":1,"minecraft:mutton":5,"minecraft:white_wool":5,"minecraft:rail":1,"minecraft:lime_bed":4,"minecraft:mud_bricks":10,"gobber2:gobber2_gooey_beefstew":2,"minecraft:filled_map":1,"minecraft:oak_log":11,"minecraft:yellow_glazed_terracotta":2,"minecraft:gunpowder":1,"chococraft:chocobo_feather":8,"chococraft:gysahl_green":67,"minecraft:stone_bricks":18,"minecraft:rabbit_hide":2,"minecraft:iron_ingot":1,"minecraft:acacia_sapling":1,"twilightforest:fiery_blood":3,"twilightforest:nagastone_pillar":4,"minecraft:chiseled_stone_bricks":2,"minecraft:dandelion":11,"chococraft:gysahl_green_seeds":15,"twilightforest:cracked_nagastone_pillar":7,"minecraft:white_bed":1,"minecraft:spider_eye":2,"minecraft:slime_ball":2,"minecraft:mossy_cobblestone_stairs":3,"twilightforest:spiral_bricks":46,"minecraft:coal":26},"minecraft:dropped":{"twilightforest:nagastone":9,"minecraft:mud_brick_slab":1,"minecraft:diamond":4,"minecraft:cracked_stone_bricks":6,"minecraft:mossy_cobblestone_wall":3,"minecraft:dirt":4,"twilightforest:mossy_nagastone_pillar":5,"minecraft:phantom_membrane":1,"twilightforest:cracked_etched_nagastone":2,"minecraft:white_wool":4,"minecraft:stone_axe":1,"minecraft:lever":1,"minecraft:obsidian":1,"minecraft:rotten_flesh":4,"twilightforest:hydra_trophy":1,"minecraft:rabbit_hide":2,"twilightforest:cracked_nagastone_pillar":7,"minecraft:acacia_sapling":1,"camera:camera":1,"minecraft:stone_brick_stairs":3,"twilightforest:nagastone_pillar":1,"camera:album":1,"minecraft:water_bucket":1,"minecraft:wheat_seeds":2,"chococraft:chocobo_saddle_bags":1,"gobber2:gobber2_foo":6,"minecraft:mossy_cobblestone":10,"minecraft:yellow_terracotta":1,"minecraft:cobblestone":16,"chococraft:gysahl_green_seeds":4,"twilightforest:etched_nagastone":1,"minecraft:tropical_fish":2,"minecraft:diorite":1,"minecraft:torch":1,"minecraft:yellow_glazed_terracotta":1,"minecraft:mossy_cobblestone_stairs":3,"camera:image_frame":1,"minecraft:filled_map":1,"minecraft:cobblestone_slab":3,"minecraft:mud_bricks":10,"minecraft:oak_boat":1,"minecraft:stone_pickaxe":1,"chococraft:gysahl_green":23,"vanillaplustools:diamond_shovel":1},"minecraft:used":{"minecraft:red_sand":1,"gobber2:gobber2_goo":1,"twilightforest:lower_goblin_knight_spawn_egg":1,"twilightforest:ice_bow":154,"minecraft:poppy":9,"gobber2:gobber2_gooey_bread":8,"minecraft:chest":4,"minecraft:iron_sword":278,"tropicraft:fiddler_crab_spawn_egg":1,"twilightforest:mist_wolf_spawn_egg":3,"minecraft:rotten_flesh":2,"twilightforest:mosquito_swarm_spawn_egg":2,"minecraft:iron_chestplate":1,"tropicraft:white_lipped_peccary_spawn_egg":14,"securitycraft:keypad_item":2,"twilightforest:penguin_spawn_egg":1,"chococraft:flame_chocobo_spawn_egg":1,"minecraft:obsidian":14,"minecraft:lava_bucket":5,"minecraft:grass_block":37,"twilightforest:quest_ram_spawn_egg":2,"twilightforest:twilight_oak_planks":40,"minecraft:stone_bricks":18,"tropicraft:tropicreeper_spawn_egg":1,"minecraft:furnace":3,"minecraft:egg":5,"twilightforest:slime_beetle_spawn_egg":5,"minecraft:golden_boots":1,"chococraft:black_chocobo_spawn_egg":3,"minecraft:mossy_stone_bricks":2,"minecraft:stone_pickaxe":29,"minecraft:oak_planks":3,"minecraft:cactus":3,"minecraft:golden_apple":1,"minecraft:glow_berries":4,"minecraft:sand":36,"twilightforest:wraith_spawn_egg":1,"minecraft:bread":2,"minecraft:melon_slice":51,"securitycraft:mine":2,"minecraft:diamond_sword":55,"chococraft:gold_chocobo_spawn_egg":1,"twilightforest:pinch_beetle_spawn_egg":1,"minecraft:cooked_rabbit":7,"minecraft:andesite":9,"chococraft:gysahl_green":13,"minecraft:oak_boat":2,"minecraft:bone_meal":24,"minecraft:experience_bottle":4,"minecraft:oak_fence":15,"twilightforest:squirrel_spawn_egg":11,"minecraft:netherite_sword":3,"minecraft:flint_and_steel":4,"minecraft:torch":87,"minecraft:dirt":29,"twilightforest:naga_spawn_egg":1,"twilightforest:hydra_spawn_egg":1,"minecraft:iron_axe":71,"tropicraft:tropi_spider_spawn_egg":1,"minecraft:iron_boots":1,"twilightforest:hostile_wolf_spawn_egg":1,"minecraft:bamboo":4,"minecraft:diamond_chestplate":1,"gobber2:gobber2_gooey_beef":9,"chococraft:yellow_chocobo_spawn_egg":4,"minecraft:golden_carrot":5,"gobber2:gobber2_sword":5,"minecraft:acacia_planks":6,"minecraft:cobbled_deepslate":16,"minecraft:iron_leggings":1,"minecraft:cooked_mutton":8,"minecraft:water_bucket":54,"tropicraft:ashen_mask_horn_monkey":1,"twilightforest:unstable_ice_core_spawn_egg":1,"minecraft:polished_blackstone_bricks":26,"minecraft:crafting_table":5,"minecraft:lime_bed":4,"minecraft:white_bed":1,"minecraft:diamond_pickaxe":160,"minecraft:apple":1,"minecraft:cracked_polished_blackstone_bricks":20,"minecraft:iron_pickaxe":190,"minecraft:stone_axe":38,"minecraft:cobblestone":36,"twilightforest:raven_spawn_egg":1,"twilightforest:nagastone_pillar":3,"minecraft:bucket":55,"minecraft:dandelion":11},"minecraft:broken":{"minecraft:iron_sword":1},"minecraft:killed_by":{"minecraft:piglin_brute":1},"minecraft:mined":{"minecraft:white_bed":1,"minecraft:jungle_leaves":25,"minecraft:acacia_log":10,"minecraft:granite":3,"minecraft:red_sand":1,"minecraft:grass_block":28,"gobber2:gobber2_lucky_block":30,"minecraft:cracked_polished_blackstone_bricks":22,"twilightforest:twilight_oak_chest":1,"minecraft:mud_bricks":5,"minecraft:chiseled_stone_bricks":3,"minecraft:spawner":5,"minecraft:polished_blackstone_bricks":29,"minecraft:iron_ore":15,"minecraft:sticky_piston":3,"minecraft:cobbled_deepslate":1,"minecraft:deepslate_lapis_ore":7,"minecraft:azure_bluet":1,"chococraft:gysahl_green":19,"minecraft:deepslate_redstone_ore":1,"minecraft:blackstone":1,"minecraft:torch":4,"minecraft:melon":14,"minecraft:poppy":8,"twilightforest:twilight_oak_log":10,"minecraft:dead_bush":17,"minecraft:cobblestone":6,"minecraft:sugar_cane":4,"minecraft:oak_planks":18,"minecraft:wall_torch":3,"minecraft:seagrass":4,"minecraft:repeater":1,"minecraft:blue_terracotta":19,"tropicraft:pineapple":1,"minecraft:yellow_glazed_terracotta":1,"minecraft:grass":108,"minecraft:oak_log":11,"minecraft:sand":38,"minecraft:dirt":13,"minecraft:oak_leaves":20,"minecraft:deepslate":13,"minecraft:yellow_terracotta":1,"twilightforest:firefly":1,"minecraft:mossy_cobblestone":6,"minecraft:deepslate_diamond_ore":7,"minecraft:redstone_wire":5,"minecraft:furnace":2,"minecraft:andesite":9,"minecraft:gold_block":14,"minecraft:vine":4,"minecraft:bamboo":3,"minecraft:stone":90,"minecraft:mud_brick_slab":1,"twilightforest:hedge":3,"minecraft:dandelion":11,"minecraft:oak_fence":3,"minecraft:crafting_table":4,"twilightforest:nagastone":1,"minecraft:tall_grass":26,"minecraft:lapis_ore":1,"minecraft:deepslate_gold_ore":3,"twilightforest:mayapple":1,"minecraft:diorite":1,"minecraft:red_terracotta":12,"minecraft:lime_bed":4,"minecraft:cactus":2,"gobber2:gobber2_lucky_block_deepslate":3,"minecraft:coal_ore":18,"minecraft:cobweb":13,"minecraft:stone_bricks":5,"minecraft:gold_ore":1,"minecraft:fern":8},"minecraft:crafted":{"minecraft:oak_planks":44,"minecraft:stone":16,"securitycraft:keypad_item":2,"minecraft:heavy_weighted_pressure_plate":2,"minecraft:iron_boots":1,"minecraft:chest":4,"minecraft:oak_fence":12,"minecraft:golden_boots":1,"minecraft:crafting_table":2,"minecraft:iron_helmet":1,"minecraft:iron_chestplate":1,"minecraft:stick":8,"minecraft:iron_ingot":10,"minecraft:iron_pickaxe":1,"minecraft:furnace":1,"minecraft:stone_button":16,"minecraft:bone_meal":24,"twilightforest:twilight_oak_planks":40,"minecraft:iron_axe":1,"minecraft:diamond_sword":1,"minecraft:iron_sword":1,"minecraft:bucket":1,"minecraft:oak_boat":1,"minecraft:iron_leggings":1,"minecraft:acacia_planks":16,"minecraft:torch":36,"minecraft:diamond_chestplate":1},"minecraft:custom":{"minecraft:animals_bred":1,"minecraft:interact_with_crafting_table":33,"minecraft:leave_game":13,"minecraft:time_since_death":5409,"minecraft:sprint_one_cm":529069,"minecraft:drop":64,"minecraft:talked_to_villager":2,"minecraft:play_time":403037,"minecraft:deaths":4,"minecraft:jump":3760,"minecraft:walk_on_water_one_cm":76443,"minecraft:interact_with_furnace":12,"minecraft:sleep_in_bed":9,"minecraft:damage_dealt":10376,"minecraft:crouch_one_cm":6679,"minecraft:inspect_dispenser":3,"minecraft:horse_one_cm":5355,"minecraft:mob_kills":61,"minecraft:climb_one_cm":25767,"minecraft:walk_one_cm":696963,"minecraft:sneak_time":4404,"minecraft:walk_under_water_one_cm":51089,"minecraft:boat_one_cm":355285,"minecraft:total_world_time":403037,"minecraft:time_since_rest":4954,"minecraft:damage_absorbed":17,"minecraft:damage_taken":4181,"minecraft:swim_one_cm":30514,"minecraft:fly_one_cm":5302618,"minecraft:open_chest":60,"minecraft:fall_one_cm":92871},"minecraft:killed":{"twilightforest:hostile_wolf":1,"minecraft:cave_spider":3,"minecraft:spider":1,"minecraft:skeleton":6,"minecraft:piglin_brute":3,"minecraft:magma_cube":6,"twilightforest:slime_beetle":2,"minecraft:piglin":1,"twilightforest:unstable_ice_core":1,"twilightforest:mist_wolf":1,"minecraft:sheep":3,"twilightforest:upper_goblin_knight":1,"minecraft:zombie":13,"twilightforest:lower_goblin_knight":1,"chococraft:chocobo":1,"twilightforest:squirrel":1,"twilightforest:mosquito_swarm":1,"minecraft:phantom":1,"twilightforest:naga":2,"twilightforest:swarm_spider":1,"twilightforest:hedge_spider":4,"minecraft:husk":2,"tropicraft:white_lipped_peccary":1}},"DataVersion":3465}