{"stats":{"minecraft:used":{"chococraft:yellow_chocobo_spawn_egg":3,"twilightforest:mosquito_swarm_spawn_egg":1,"securitycraft:mine":2,"tropicraft:tropicreeper_spawn_egg":1,"tropicraft:white_lipped_peccary_spawn_egg":14,"tropicraft:ashen_mask_horn_monkey":1,"tropicraft:fiddler_crab_spawn_egg":1},"minecraft:custom":{"minecraft:jump":75,"minecraft:time_since_rest":44369,"minecraft:damage_taken":30,"minecraft:crouch_one_cm":266,"minecraft:leave_game":8,"minecraft:play_time":44369,"minecraft:sprint_one_cm":4775,"minecraft:time_since_death":44369,"minecraft:walk_on_water_one_cm":198,"minecraft:walk_one_cm":11160,"minecraft:sneak_time":466,"minecraft:total_world_time":44369,"minecraft:climb_one_cm":2828,"minecraft:fall_one_cm":2140,"minecraft:fly_one_cm":150275},"minecraft:mined":{"minecraft:oak_leaves":1}},"DataVersion":3465}