{"stats":{"minecraft:custom":{"minecraft:interact_with_furnace":3,"minecraft:mob_kills":4,"minecraft:animals_bred":1,"minecraft:interact_with_crafting_table":3,"minecraft:leave_game":9,"minecraft:time_since_death":128003,"minecraft:climb_one_cm":3949,"minecraft:time_since_rest":128003,"minecraft:sprint_one_cm":129192,"minecraft:damage_taken":615,"minecraft:walk_one_cm":136909,"minecraft:damage_dealt":691,"minecraft:swim_one_cm":7904,"minecraft:fly_one_cm":455888,"minecraft:open_chest":2,"minecraft:crouch_one_cm":596,"minecraft:play_time":128003,"minecraft:sneak_time":732,"minecraft:walk_under_water_one_cm":2516,"minecraft:jump":952,"minecraft:walk_on_water_one_cm":6328,"minecraft:total_world_time":128003,"minecraft:fall_one_cm":25645,"minecraft:horse_one_cm":1581},"minecraft:used":{"minecraft:cooked_mutton":8,"twilightforest:squirrel_spawn_egg":11,"chococraft:black_chocobo_spawn_egg":3,"minecraft:netherite_sword":3,"minecraft:red_sand":1,"tropicraft:ashen_mask_horn_monkey":1,"minecraft:stone_pickaxe":19,"minecraft:cactus":3,"minecraft:iron_sword":1,"tropicraft:fiddler_crab_spawn_egg":1,"twilightforest:mist_wolf_spawn_egg":2,"minecraft:rotten_flesh":2,"twilightforest:mosquito_swarm_spawn_egg":1,"minecraft:torch":2,"tropicraft:white_lipped_peccary_spawn_egg":14,"minecraft:dirt":2,"minecraft:sand":36,"minecraft:crafting_table":1,"twilightforest:penguin_spawn_egg":1,"minecraft:bread":2,"twilightforest:quest_ram_spawn_egg":2,"minecraft:iron_pickaxe":33,"tropicraft:tropi_spider_spawn_egg":1,"securitycraft:mine":2,"minecraft:stone_axe":38,"chococraft:yellow_chocobo_spawn_egg":3,"tropicraft:tropicreeper_spawn_egg":1,"minecraft:cobblestone":4,"twilightforest:pinch_beetle_spawn_egg":1,"minecraft:furnace":1,"minecraft:cooked_rabbit":4,"minecraft:egg":1,"twilightforest:slime_beetle_spawn_egg":3},"minecraft:killed":{"twilightforest:squirrel":1,"minecraft:husk":2,"tropicraft:white_lipped_peccary":1},"minecraft:crafted":{"minecraft:oak_planks":20,"minecraft:crafting_table":1,"minecraft:iron_sword":1,"minecraft:furnace":1,"minecraft:iron_ingot":8,"minecraft:iron_pickaxe":1,"minecraft:torch":4},"minecraft:mined":{"minecraft:jungle_leaves":20,"minecraft:crafting_table":1,"minecraft:torch":1,"minecraft:red_sand":1,"minecraft:grass_block":2,"minecraft:dead_bush":17,"minecraft:sugar_cane":2,"minecraft:cactus":2,"minecraft:lime_bed":1,"minecraft:furnace":1,"minecraft:iron_ore":11,"minecraft:coal_ore":10,"minecraft:grass":8,"chococraft:gysahl_green":7,"minecraft:oak_log":5,"minecraft:vine":1,"minecraft:sand":38,"minecraft:stone":28,"minecraft:oak_leaves":8},"minecraft:picked_up":{"minecraft:crafting_table":1,"minecraft:lime_bed":1,"chococraft:loverly_gysahl_green":2,"minecraft:oak_log":5,"minecraft:dirt":2,"chococraft:chocobo_feather":4,"chococraft:gysahl_green":17,"minecraft:red_sand":1,"minecraft:rabbit_hide":2,"minecraft:iron_ingot":1,"minecraft:rabbit":3,"minecraft:sugar_cane":8,"minecraft:furnace":1,"minecraft:egg":1,"minecraft:stick":18,"minecraft:raw_iron":12,"minecraft:torch":1,"minecraft:sand":38,"chococraft:gysahl_green_seeds":7,"minecraft:cactus":5,"minecraft:rotten_flesh":3,"minecraft:coal":10,"minecraft:cobblestone":27}},"DataVersion":3465}