{"stats":{"minecraft:broken":{"minecraft:iron_sword":1},"minecraft:dropped":{"minecraft:water_bucket":1,"minecraft:wheat_seeds":2,"chococraft:chocobo_saddle_bags":1,"minecraft:mud_brick_slab":1,"gobber2:gobber2_foo":6,"minecraft:mossy_cobblestone":9,"minecraft:diamond":4,"minecraft:yellow_terracotta":1,"minecraft:cobblestone":14,"chococraft:gysahl_green_seeds":4,"minecraft:tropical_fish":2,"minecraft:dirt":4,"minecraft:diorite":1,"minecraft:torch":1,"minecraft:yellow_glazed_terracotta":1,"minecraft:phantom_membrane":1,"minecraft:white_wool":4,"minecraft:stone_axe":1,"minecraft:lever":1,"camera:image_frame":1,"minecraft:obsidian":1,"minecraft:rotten_flesh":4,"minecraft:filled_map":1,"minecraft:rabbit_hide":2,"minecraft:mud_bricks":10,"minecraft:acacia_sapling":1,"minecraft:oak_boat":1,"camera:camera":1,"minecraft:stone_pickaxe":1,"chococraft:gysahl_green":23,"camera:album":1},"minecraft:custom":{"minecraft:mob_kills":45,"minecraft:animals_bred":1,"minecraft:interact_with_crafting_table":33,"minecraft:leave_game":12,"minecraft:time_since_death":99230,"minecraft:climb_one_cm":19576,"minecraft:sprint_one_cm":499419,"minecraft:walk_one_cm":660183,"minecraft:drop":49,"minecraft:talked_to_villager":2,"minecraft:play_time":375804,"minecraft:deaths":1,"minecraft:sneak_time":4021,"minecraft:walk_under_water_one_cm":45129,"minecraft:boat_one_cm":355285,"minecraft:jump":3546,"minecraft:walk_on_water_one_cm":74402,"minecraft:total_world_time":375804,"minecraft:interact_with_furnace":12,"minecraft:sleep_in_bed":8,"minecraft:time_since_rest":61844,"minecraft:damage_taken":3573,"minecraft:damage_absorbed":17,"minecraft:damage_dealt":8237,"minecraft:swim_one_cm":30514,"minecraft:fly_one_cm":5181788,"minecraft:open_chest":51,"minecraft:crouch_one_cm":6543,"minecraft:fall_one_cm":84438,"minecraft:inspect_dispenser":3,"minecraft:horse_one_cm":5355},"minecraft:used":{"minecraft:oak_fence":15,"twilightforest:squirrel_spawn_egg":11,"minecraft:netherite_sword":3,"minecraft:red_sand":1,"gobber2:gobber2_goo":1,"twilightforest:ice_bow":54,"minecraft:flint_and_steel":4,"minecraft:poppy":9,"gobber2:gobber2_gooey_bread":8,"minecraft:chest":4,"minecraft:iron_sword":278,"tropicraft:fiddler_crab_spawn_egg":1,"twilightforest:mist_wolf_spawn_egg":2,"twilightforest:mosquito_swarm_spawn_egg":1,"minecraft:rotten_flesh":2,"minecraft:iron_chestplate":1,"minecraft:torch":87,"tropicraft:white_lipped_peccary_spawn_egg":14,"minecraft:dirt":29,"securitycraft:keypad_item":2,"twilightforest:penguin_spawn_egg":1,"minecraft:obsidian":14,"minecraft:iron_axe":50,"minecraft:grass_block":37,"twilightforest:quest_ram_spawn_egg":2,"tropicraft:tropi_spider_spawn_egg":1,"minecraft:iron_boots":1,"minecraft:stone_bricks":10,"minecraft:bamboo":4,"minecraft:diamond_chestplate":1,"gobber2:gobber2_gooey_beef":9,"chococraft:yellow_chocobo_spawn_egg":4,"tropicraft:tropicreeper_spawn_egg":1,"minecraft:golden_carrot":1,"minecraft:furnace":3,"minecraft:egg":5,"minecraft:cobbled_deepslate":16,"minecraft:acacia_planks":6,"minecraft:iron_leggings":1,"twilightforest:slime_beetle_spawn_egg":3,"minecraft:golden_boots":1,"minecraft:cooked_mutton":8,"minecraft:water_bucket":54,"chococraft:black_chocobo_spawn_egg":3,"tropicraft:ashen_mask_horn_monkey":1,"minecraft:stone_pickaxe":29,"minecraft:oak_planks":3,"minecraft:cactus":3,"minecraft:polished_blackstone_bricks":26,"minecraft:golden_apple":1,"minecraft:glow_berries":4,"minecraft:sand":36,"minecraft:lime_bed":4,"minecraft:crafting_table":5,"minecraft:white_bed":1,"minecraft:diamond_pickaxe":146,"minecraft:cracked_polished_blackstone_bricks":20,"minecraft:melon_slice":51,"minecraft:bread":2,"minecraft:iron_pickaxe":190,"securitycraft:mine":2,"minecraft:stone_axe":38,"minecraft:diamond_sword":4,"minecraft:cobblestone":31,"twilightforest:pinch_beetle_spawn_egg":1,"minecraft:cooked_rabbit":7,"minecraft:andesite":9,"minecraft:bucket":55,"chococraft:gysahl_green":13,"minecraft:oak_boat":2,"minecraft:dandelion":11,"minecraft:bone_meal":24,"minecraft:experience_bottle":4},"minecraft:killed":{"twilightforest:squirrel":1,"minecraft:cave_spider":3,"minecraft:spider":1,"minecraft:phantom":1,"minecraft:skeleton":6,"twilightforest:naga":1,"minecraft:piglin_brute":3,"minecraft:magma_cube":6,"minecraft:piglin":1,"minecraft:husk":2,"tropicraft:white_lipped_peccary":1,"minecraft:sheep":3,"minecraft:zombie":13},"minecraft:killed_by":{"minecraft:piglin_brute":1},"minecraft:crafted":{"minecraft:oak_planks":44,"minecraft:furnace":1,"minecraft:stone_button":16,"minecraft:stone":16,"minecraft:bone_meal":24,"securitycraft:keypad_item":2,"minecraft:heavy_weighted_pressure_plate":2,"minecraft:iron_boots":1,"minecraft:iron_axe":1,"minecraft:chest":4,"minecraft:oak_fence":12,"minecraft:golden_boots":1,"minecraft:diamond_sword":1,"minecraft:crafting_table":2,"minecraft:iron_helmet":1,"minecraft:iron_sword":1,"minecraft:bucket":1,"minecraft:oak_boat":1,"minecraft:iron_chestplate":1,"minecraft:stick":8,"minecraft:iron_ingot":10,"minecraft:iron_pickaxe":1,"minecraft:iron_leggings":1,"minecraft:acacia_planks":16,"minecraft:torch":36,"minecraft:diamond_chestplate":1},"minecraft:picked_up":{"minecraft:crafting_table":4,"minecraft:mud_brick_slab":1,"chococraft:loverly_gysahl_green":4,"minecraft:azure_bluet":1,"minecraft:gold_block":13,"minecraft:stone_brick_stairs":2,"twilightforest:nagastone":4,"minecraft:smooth_stone_slab":2,"minecraft:string":12,"minecraft:sticky_piston":3,"minecraft:blackstone":1,"minecraft:cracked_stone_bricks":3,"minecraft:red_sand":1,"minecraft:cobbled_deepslate":19,"minecraft:mossy_cobblestone_wall":3,"minecraft:oak_boat":1,"minecraft:cobblestone_slab":2,"minecraft:poppy":9,"minecraft:melon_slice":74,"minecraft:sugar_cane":14,"minecraft:furnace":2,"minecraft:phantom_membrane":2,"minecraft:egg":5,"minecraft:stick":21,"minecraft:raw_iron":16,"chococraft:chocobo_saddle_bags":1,"minecraft:oak_fence":4,"minecraft:torch":10,"minecraft:acacia_log":4,"twilightforest:cracked_etched_nagastone":2,"minecraft:polished_blackstone_bricks":27,"minecraft:diorite":2,"minecraft:redstone":10,"gobber2:gobber2_foo":14,"minecraft:arrow":1,"minecraft:cactus":5,"minecraft:rotten_flesh":16,"minecraft:tropical_fish":2,"twilightforest:etched_nagastone":1,"minecraft:yellow_terracotta":2,"minecraft:obsidian":1,"minecraft:mutton":5,"minecraft:rail":1,"minecraft:white_wool":5,"minecraft:cobblestone":89,"minecraft:lime_bed":4,"minecraft:mud_bricks":10,"minecraft:magma_cream":1,"minecraft:repeater":1,"minecraft:andesite":9,"gobber2:gobber2_gooey_beefstew":2,"minecraft:filled_map":1,"minecraft:tuff":1,"minecraft:oak_log":11,"minecraft:yellow_glazed_terracotta":2,"twilightforest:mossy_nagastone_pillar":3,"minecraft:gunpowder":1,"minecraft:lapis_lazuli":52,"minecraft:dirt":40,"chococraft:chocobo_feather":5,"minecraft:bone":5,"chococraft:gysahl_green":51,"minecraft:stone_bricks":10,"gobber2:gobber2_gooey_beef":9,"minecraft:wheat_seeds":22,"minecraft:raw_gold":4,"minecraft:rabbit_hide":2,"minecraft:iron_ingot":1,"minecraft:mossy_stone_bricks":1,"minecraft:rabbit":3,"minecraft:bamboo":37,"minecraft:acacia_sapling":1,"minecraft:oak_planks":22,"minecraft:mossy_stone_brick_stairs":2,"gobber2:gobber2_gooey_bread":8,"twilightforest:nagastone_pillar":2,"minecraft:chiseled_stone_bricks":2,"minecraft:dandelion":11,"minecraft:sand":38,"chococraft:gysahl_green_seeds":15,"twilightforest:cracked_nagastone_pillar":4,"minecraft:white_bed":1,"minecraft:red_terracotta":11,"minecraft:mossy_cobblestone":11,"minecraft:blue_terracotta":17,"minecraft:diamond":10,"minecraft:lever":1,"minecraft:cracked_polished_blackstone_bricks":20,"minecraft:granite":3,"minecraft:mossy_cobblestone_stairs":2,"twilightforest:spiral_bricks":9,"gobber2:gobber2_goo":5,"minecraft:coal":26},"minecraft:mined":{"minecraft:yellow_terracotta":1,"minecraft:white_bed":1,"minecraft:mossy_cobblestone":6,"minecraft:deepslate_diamond_ore":7,"minecraft:jungle_leaves":25,"minecraft:granite":3,"minecraft:red_sand":1,"minecraft:acacia_log":10,"minecraft:grass_block":28,"gobber2:gobber2_lucky_block":30,"minecraft:cracked_polished_blackstone_bricks":22,"minecraft:redstone_wire":5,"minecraft:mud_bricks":5,"minecraft:spawner":2,"minecraft:chiseled_stone_bricks":3,"minecraft:polished_blackstone_bricks":29,"minecraft:furnace":2,"minecraft:iron_ore":15,"minecraft:sticky_piston":3,"minecraft:cobbled_deepslate":1,"minecraft:andesite":9,"minecraft:deepslate_lapis_ore":7,"minecraft:azure_bluet":1,"minecraft:gold_block":14,"chococraft:gysahl_green":19,"minecraft:vine":3,"minecraft:bamboo":3,"minecraft:stone":90,"minecraft:deepslate_redstone_ore":1,"minecraft:mud_brick_slab":1,"minecraft:blackstone":1,"minecraft:dandelion":11,"minecraft:oak_fence":3,"minecraft:crafting_table":4,"minecraft:torch":4,"minecraft:poppy":8,"minecraft:melon":14,"minecraft:dead_bush":17,"twilightforest:nagastone":1,"minecraft:tall_grass":24,"minecraft:cobblestone":4,"minecraft:deepslate_gold_ore":3,"minecraft:lapis_ore":1,"minecraft:sugar_cane":4,"minecraft:oak_planks":18,"minecraft:diorite":1,"minecraft:wall_torch":3,"minecraft:seagrass":4,"minecraft:red_terracotta":12,"minecraft:lime_bed":4,"minecraft:cactus":2,"minecraft:repeater":1,"minecraft:blue_terracotta":19,"tropicraft:pineapple":1,"gobber2:gobber2_lucky_block_deepslate":3,"minecraft:yellow_glazed_terracotta":1,"minecraft:grass":98,"minecraft:oak_log":11,"minecraft:coal_ore":18,"minecraft:sand":38,"minecraft:dirt":13,"minecraft:cobweb":13,"minecraft:deepslate":13,"minecraft:gold_ore":1,"minecraft:oak_leaves":20,"minecraft:fern":8}},"DataVersion":3465}