{"stats":{"minecraft:custom":{"minecraft:time_since_rest":116003,"minecraft:sprint_one_cm":96967,"minecraft:damage_taken":585,"minecraft:walk_one_cm":101670,"minecraft:mob_kills":4,"minecraft:animals_bred":1,"minecraft:damage_dealt":691,"minecraft:swim_one_cm":7904,"minecraft:fly_one_cm":441170,"minecraft:open_chest":2,"minecraft:crouch_one_cm":596,"minecraft:play_time":116003,"minecraft:sneak_time":727,"minecraft:walk_under_water_one_cm":2516,"minecraft:jump":740,"minecraft:leave_game":9,"minecraft:time_since_death":116003,"minecraft:walk_on_water_one_cm":6328,"minecraft:total_world_time":116003,"minecraft:climb_one_cm":3859,"minecraft:fall_one_cm":21840,"minecraft:horse_one_cm":1581},"minecraft:used":{"chococraft:black_chocobo_spawn_egg":3,"minecraft:cooked_mutton":8,"minecraft:netherite_sword":3,"twilightforest:squirrel_spawn_egg":11,"minecraft:red_sand":1,"tropicraft:ashen_mask_horn_monkey":1,"minecraft:bread":2,"twilightforest:quest_ram_spawn_egg":2,"minecraft:cactus":3,"tropicraft:tropi_spider_spawn_egg":1,"tropicraft:fiddler_crab_spawn_egg":1,"twilightforest:mist_wolf_spawn_egg":2,"minecraft:dirt":2,"minecraft:rotten_flesh":2,"twilightforest:mosquito_swarm_spawn_egg":1,"securitycraft:mine":2,"minecraft:stone_axe":26,"chococraft:yellow_chocobo_spawn_egg":3,"tropicraft:tropicreeper_spawn_egg":1,"tropicraft:white_lipped_peccary_spawn_egg":14,"minecraft:sand":36,"twilightforest:pinch_beetle_spawn_egg":1,"twilightforest:penguin_spawn_egg":1,"minecraft:cooked_rabbit":3,"twilightforest:slime_beetle_spawn_egg":3},"minecraft:killed":{"twilightforest:squirrel":1,"minecraft:husk":2,"tropicraft:white_lipped_peccary":1},"minecraft:mined":{"minecraft:lime_bed":1,"minecraft:cactus":2,"minecraft:jungle_leaves":20,"minecraft:grass_block":2,"minecraft:grass":8,"minecraft:red_sand":1,"chococraft:gysahl_green":1,"minecraft:dead_bush":17,"minecraft:sand":38,"minecraft:sugar_cane":2,"minecraft:oak_leaves":7},"minecraft:picked_up":{"chococraft:loverly_gysahl_green":1,"minecraft:lime_bed":1,"minecraft:stick":18,"minecraft:sand":38,"chococraft:gysahl_green_seeds":1,"minecraft:dirt":2,"chococraft:chocobo_feather":4,"minecraft:cactus":5,"chococraft:gysahl_green":2,"minecraft:rotten_flesh":3,"minecraft:red_sand":1,"minecraft:rabbit_hide":2,"minecraft:rabbit":3,"minecraft:sugar_cane":8}},"DataVersion":3465}