{"stats":{"minecraft:custom":{"minecraft:time_since_rest":80003,"minecraft:crouch_one_cm":268,"minecraft:sprint_one_cm":10135,"minecraft:play_time":80003,"minecraft:damage_taken":355,"minecraft:walk_one_cm":33271,"minecraft:sneak_time":500,"minecraft:mob_kills":1,"minecraft:jump":165,"minecraft:damage_dealt":201,"minecraft:leave_game":9,"minecraft:walk_on_water_one_cm":198,"minecraft:time_since_death":80003,"minecraft:climb_one_cm":3859,"minecraft:total_world_time":80003,"minecraft:fall_one_cm":6688,"minecraft:fly_one_cm":184223},"minecraft:used":{"tropicraft:white_lipped_peccary_spawn_egg":14,"chococraft:yellow_chocobo_spawn_egg":3,"twilightforest:mosquito_swarm_spawn_egg":1,"securitycraft:mine":2,"minecraft:cooked_mutton":5,"tropicraft:tropicreeper_spawn_egg":1,"tropicraft:ashen_mask_horn_monkey":1,"minecraft:sand":1,"minecraft:cactus":3,"tropicraft:fiddler_crab_spawn_egg":1,"minecraft:netherite_sword":3},"minecraft:killed":{"minecraft:husk":1},"minecraft:mined":{"minecraft:cactus":2,"minecraft:sand":1,"minecraft:jungle_leaves":20,"minecraft:oak_leaves":1},"minecraft:picked_up":{"chococraft:chocobo_feather":1,"minecraft:cactus":5,"minecraft:rotten_flesh":1,"minecraft:sand":1}},"DataVersion":3465}